Profili IPE,G,h,b,tw,tf,r,A,hi,d,Ø,pmin,pmax,AL,AG,Iy,Wel.y,Wpl.y,iy,Avz,Iz,Wel.z,Wpl.z, iz,ss,It,Iwx10-3,,,,,,,,,,
,[kg/m], [mm],[mm], [mm], [mm], [mm],[cm2], [mm], [mm],, [mm], [mm],[m2/m], [m2/t],[cm4] ,[cm3],[cm3],[cm],[cm2],[cm4] ,[cm3],[cm3],[cm], [mm],[cm4] ,[cm6] ,,,,,,,,,,
,173,762,267,14.4,21.6,17,221.3,718.8,684.8,M27,104,166,2.534,14.58,205800,5402,6218,30.49,116.4,6873,514.9,809.9,5.57,77.52,273.6,9391,,,,,,,,,,
IPE 100,8.1,100,55,4.1,5.7,7,10.32,88.6,74.6,-,-,-,0.4,49.33,171,34.2,39.41,4.07,5.08,15.92,5.79,9.15,1.24,23.7,1.2,0.35,,,,,,,,,,
IPE A 120,8.7,117.6,64,3.8,5.1,7,11.03,107.4,93.4,-,-,-,0.472,54.47,257.4,43.77,49.87,4.83,5.41,22.39,7,10.98,1.42,22.2,1.04,0.71,,,,,,,,,,
IPE 120,10.4,120,64,4.4,6.3,7,13.21,107.4,93.4,-,-,-,0.475,45.82,317.8,52.96,60.73,4.9,6.31,27.67,8.65,13.58,1.45,25.2,1.74,0.89,,,,,,,,,,
IPE A 140,10.5,137.4,73,3.8,5.6,7,13.39,126.2,112.2,-,-,-,0.547,52.05,434.9,63.3,71.6,5.7,6.21,36.42,9.98,15.52,1.65,23.2,1.36,1.58,,,,,,,,,,
IPE 140,12.9,140,73,4.7,6.9,7,16.43,126.2,112.2,-,-,-,0.551,42.7,541.2,77.32,88.34,5.74,7.64,44.92,12.31,19.25,1.65,26.7,2.45,1.98,,,,,,,,,,
IPE A 160,12.7,157,82,4,5.9,9,16.18,145.2,127.2,-,-,-,0.619,48.7,689.3,87.81,99.09,6.53,7.8,54.43,13.27,20.7,1.83,26.34,1.96,3.09,,,,,,,,,,
IPE 160,15.8,160,82,5,7.4,9,20.09,145.2,127.2,-,-,-,0.623,39.47,869.3,108.7,123.9,6.58,9.66,68.31,16.66,26.1,1.84,30.34,3.6,3.96,,,,,,,,,,
IPE A 180,15.4,177,91,4.3,6.5,9,19.58,164,146,M10,48,48,0.694,45.15,1063,120.1,135.3,7.37,9.2,81.89,18,27.96,2.05,27.84,2.7,5.93,,,,,,,,,,
IPE 180,18.8,180,91,5.3,8,9,23.95,164,146,M10,48,48,0.698,37.13,1317,146.3,166.4,7.42,11.25,100.9,22.16,34.6,2.05,31.84,4.79,7.43,,,,,,,,,,
IPE O 180,21.3,182,92,6,9,9,27.1,164,146,M10,50,50,0.705,33.12,1505,165.4,189.1,7.45,12.7,117.3,25.5,39.91,2.08,34.54,6.76,8.74,,,,,,,,,,
IPE A 200,18.4,197,100,4.5,7,12,23.47,183,159,M10,54,58,0.764,41.49,1591,161.6,181.7,8.23,11.47,117.2,23.43,36.54,2.23,32.56,4.11,10.53,,,,,,,,,,
IPE 200,22.4,200,100,5.6,8.5,12,28.48,183,159,M10,54,58,0.768,34.36,1943,194.3,220.6,8.26,14,142.4,28.47,44.61,2.24,36.66,6.98,12.99,,,,,,,,,,
IPE O 200,25.1,202,102,6.2,9.5,12,31.96,183,159,M10,56,60,0.779,31.05,2211,218.9,249.4,8.32,15.45,168.9,33.11,51.89,2.3,39.26,9.45,15.57,,,,,,,,,,
IPE A 220,22.2,217,110,5,7.7,12,28.26,201.6,177.6,M12,60,62,0.843,38.02,2317,213.5,240.2,9.05,13.55,171.4,31.17,48.49,2.46,34.46,5.69,18.71,,,,,,,,,,
IPE 220,26.2,220,110,5.9,9.2,12,33.37,201.6,177.6,M12,60,62,0.848,32.36,2772,252,285.4,9.11,15.88,204.9,37.25,58.11,2.48,38.36,9.07,22.67,,,,,,,,,,
IPE O 220,29.4,222,112,6.6,10.2,12,37.39,201.6,177.6,M10,58,66,0.858,29.24,3134,282.3,321.1,9.16,17.66,239.8,42.83,66.91,2.53,41.06,12.27,26.79,,,,,,,,,,
IPE A 240,26.2,237,120,5.2,8.3,15,33.31,220.4,190.4,M12,64,68,0.918,35.1,3290,277.7,311.6,9.94,16.31,240.1,40.02,62.4,2.68,39.37,8.35,31.26,,,,,,,,,,
IPE 240,30.7,240,120,6.2,9.8,15,39.12,220.4,190.4,M12,66,68,0.922,30.02,3892,324.3,366.6,9.97,19.14,283.6,47.27,73.92,2.69,43.37,12.88,37.39,,,,,,,,,,
IPE O 240,34.3,242,122,7,10.8,15,43.71,220.4,190.4,M12,66,70,0.932,27.17,4369,361.1,410.3,10,21.36,328.5,53.86,84.4,2.74,46.17,17.18,43.68,,,,,,,,,,
IPE A 270,30.7,267,135,5.5,8.7,15,39.15,249.6,219.6,M16,70,72,1.037,33.75,4917,368.3,412.5,11.21,18.75,358,53.03,82.34,3.02,40.47,10.3,59.51,,,,,,,,,,
IPE 270,36.1,270,135,6.6,10.2,15,45.95,249.6,219.6,M16,72,72,1.041,28.86,5790,428.9,484,11.23,22.14,419.9,62.2,96.95,3.02,44.57,15.94,70.58,,,,,,,,,,
IPE O 270,42.3,274,136,7.5,12.2,15,53.84,249.6,219.6,M16,72,72,1.051,24.88,6947,507.1,574.6,11.36,25.23,513.5,75.51,117.7,3.09,49.47,24.9,87.64,,,,,,,,,,
IPE A 300,36.5,297,150,6.1,9.2,15,46.53,278.6,248.6,M16,72,86,1.156,31.65,7173,483.1,541.8,12.42,22.25,519,69.2,107.3,3.34,42.07,13.43,107.2,,,,,,,,,,
IPE 300,42.2,300,150,7.1,10.7,15,53.81,278.6,248.6,M16,72,86,1.16,27.46,8356,557.1,628.4,12.46,25.68,603.8,80.5,125.2,3.35,46.07,20.12,125.9,,,,,,,,,,
IPE O 300,49.3,304,152,8,12.7,15,62.83,278.6,248.6,M16,74,88,1.174,23.81,9994,657.5,743.8,12.61,29.05,745.7,98.12,152.6,3.45,50.97,31.06,157.7,,,,,,,,,,
IPE A 330,43,327,160,6.5,10,18,54.74,307,271,M16,78,96,1.25,29.09,10230,625.7,701.9,13.67,26.99,685.2,85.64,133.3,3.54,47.59,19.57,171.5,,,,,,,,,,
IPE 330,49.1,330,160,7.5,11.5,18,62.61,307,271,M16,78,96,1.254,25.52,11770,713.1,804.3,13.71,30.81,788.1,98.52,153.7,3.55,51.59,28.15,199.1,,,,,,,,,,
IPE O 330,57,334,162,8.5,13.5,18,72.62,307,271,M16,80,98,1.268,22.24,13910,833,942.8,13.84,34.88,960.4,118.6,185,3.64,56.59,42.15,245.7,,,,,,,,,,
IPE A 360,50.2,357.6,170,6.6,11.5,18,63.96,334.6,298.6,M22,86,88,1.351,26.91,14520,811.8,906.8,15.06,29.76,944.3,111.1,171.9,3.84,50.69,26.51,282,,,,,,,,,,
IPE 360,57.1,360,170,8,12.7,18,72.73,334.6,298.6,M22,88,88,1.353,23.7,16270,903.6,1019,14.95,35.14,1043,122.8,191.1,3.79,54.49,37.32,313.6,,,,,,,,,,
IPE O 360,66,364,172,9.2,14.7,18,84.13,334.6,298.6,M22,90,90,1.367,20.69,19050,1047,1186,15.05,40.21,1251,145.5,226.9,3.86,59.69,55.76,380.3,,,,,,,,,,
IPE A 400,57.4,397,180,7,12,21,73.1,373,331,M22,94,98,1.464,25.51,20290,1022,1144,16.66,35.78,1171,130.1,202.1,4,55.6,34.79,432.2,,,,,,,,,,
IPE 400,66.3,400,180,8.6,13.5,21,84.46,373,331,M22,96,98,1.467,22.12,23130,1156,1307,16.55,42.69,1318,146.4,229,3.95,60.2,51.08,490,,,,,,,,,,
IPE O 400,75.7,404,182,9.7,15.5,21,96.39,373,331,M22,96,100,1.481,19.57,26750,1324,1502,16.66,47.98,1564,171.9,269.1,4.03,65.3,73.1,587.6,,,,,,,,,,
IPE A 450,67.2,447,190,7.6,13.1,21,85.55,420.8,378.8,M24,100,102,1.603,23.87,29760,1331,1494,18.65,42.26,1502,158.1,245.7,4.19,58.4,45.67,704.9,,,,,,,,,,
IPE 450,77.6,450,190,9.4,14.6,21,98.82,420.8,378.8,M24,100,102,1.605,20.69,33740,1500,1702,18.48,50.85,1676,176.4,276.4,4.12,63.2,66.87,791,,,,,,,,,,
IPE O 450,92.4,456,192,11,17.6,21,117.7,420.8,378.8,M24,102,104,1.622,17.56,40920,1795,2046,18.65,59.4,2085,217.2,341,4.21,70.8,109,997.6,,,,,,,,,,
IPE A 500,79.4,497,200,8.4,14.5,21,101.1,468,426,M24,100,112,1.741,21.94,42930,1728,1946,20.61,50.41,1939,193.9,301.6,4.38,62,62.78,1125,,,,,,,,,,
IPE 500,90.7,500,200,10.2,16,21,115.5,468,426,M24,102,112,1.744,19.23,48200,1928,2194,20.43,59.87,2142,214.2,335.9,4.31,66.8,89.29,1249,,,,,,,,,,
IPE O 500,107,506,202,12,19,21,136.7,468,426,M24,104,114,1.76,16.4,57780,2284,2613,20.56,70.21,2622,259.6,408.5,4.38,74.6,143.5,1548,,,,,,,,,,
IPE A 550,92.1,547,210,9,15.7,24,117.3,515.6,467.6,M24,106,122,1.875,20.36,59980,2193,2475,22.61,60.3,2432,231.6,361.5,4.55,68.52,86.53,1710,,,,,,,,,,
IPE 550                 ,106,550,210,11.1,17.2,24,134.4,515.6,467.6,M24,110,122,1.877,17.78,67120,2441,2787,22.35,72.34,2668,254.1,400.5,4.45,73.62,123.2,1884,,,,,,,,,,
IPE O 550,123,556,212,12.7,20.2,24,156.1,515.6,467.6,M24,110,122,1.893,15.45,79160,2847,3263,22.52,82.69,3224,304.2,480.5,4.55,81.22,187.5,2302,,,,,,,,,,
IPE A 600,108,597,220,9.8,17.5,24,137,562,514,M27,114,118,2.013,18.72,82920,2778,3141,24.6,70.14,3116,283.3,442.1,4.77,72.92,118.8,2607,,,,,,,,,,
IPE 600,122,600,220,12,19,24,156,562,514,M27,116,118,2.015,16.45,92080,3069,3512,24.3,83.78,3387,307.9,485.6,4.66,78.12,165.4,2846,,,,,,,,,,
IPE O 600,154,610,224,15,24,24,196.8,562,514,M27,118,122,2.045,13.24,118300,3879,4471,24.52,104.4,4521,403.6,640.1,4.79,91.12,318.1,3860,,,,,,,,,,
IPE 750 x 147,147,753,265,13.2,17,17,187.5,719,685,M27,104,164,2.51,17.06,166100,4411,5110,29.76,105.4,5289,399.2,630.8,5.31,67.12,161.5,7141,,,,,,,,,,
IPE 750 x 173,173,762,267,14.4,21.6,17,221.3,718.8,684.8,M27,104,166,2.534,14.58,205800,5402,6218,30.49,116.4,6873,514.9,809.9,5.57,77.52,273.6,9391,,,,,,,,,,
IPE 750 x 196,196,770,268,15.6,25.4,17,250.8,719.2,685.2,M27,106,166,2.552,12.96,240300,6241,7174,30.95,127.3,8175,610.1,958.8,5.71,86.32,408.9,11290,,,,,,,,,,
,,,,,,,,,,,,,,,,,,,,,,,,,,,,,,,,,,,,
Profili IPN,G,h,b,tw,tf,r1,r2,A,d,Ø,pmin,pmax,AL,AG,Iy,Wel.y,Wpl.y,iy,Avz,Iz,Wel.z,Wpl.z, iz,ss,It,Iwx10-3,,,,,,,,,,
,[kg/m], [mm],[mm], [mm], [mm], [mm], [mm],[cm2], [mm],, [mm], [mm],[m2/m], [m2/t],[cm4] ,[cm3],[cm3],[cm],[cm2],[cm4] ,[cm3],[cm3],[cm], [mm],[cm4] ,[cm6] ,,,,,,,,,,
,14.3,140,66,5.7,8.6,5.7,3.4,18.3,109.1,-,-,-,0.502,34.94,573,81.9,95.4,5.61,8.65,35.2,10.7,17.9,1.4,31.8,4.32,1.54,,,,,,,,,,
IPN 120,11.1,120,58,5.1,7.7,5.1,3.1,14.2,92.4,-,-,-,0.439,39.38,328,54.7,63.6,4.81,6.63,21.5,7.41,12.4,1.23,28.4,2.71,0.69,,,,,,,,,,
IPN 140,14.3,140,66,5.7,8.6,5.7,3.4,18.3,109.1,-,-,-,0.502,34.94,573,81.9,95.4,5.61,8.65,35.2,10.7,17.9,1.4,31.8,4.32,1.54,,,,,,,,,,
IPN 160,17.9,160,74,6.3,9.5,6.3,3.8,22.8,125.8,-,-,-,0.575,32.13,935,117,136,6.4,10.83,54.7,14.8,24.9,1.55,35.2,6.57,3.14,,,,,,,,,,
IPN 180,21.9,180,82,6.9,10.4,6.9,4.1,27.9,142.4,-,-,-,0.64,29.22,1450,161,187,7.2,13.35,81.3,19.8,33.2,1.71,38.6,9.58,5.92,,,,,,,,,,
IPN 200,26.2,200,90,7.5,11.3,7.5,4.5,33.4,159.1,-,-,-,0.709,27.04,2140,214,250,8,16.03,117,26,43.5,1.87,42,13.5,10.5,,,,,,,,,,
IPN 220,31.1,220,98,8.1,12.2,8.1,4.9,39.5,175.8,M10,50,56,0.775,24.99,3060,278,324,8.8,19.06,162,33.1,55.7,2.02,45.4,18.6,17.8,,,,,,,,,,
IPN 240,36.2,240,106,8.7,13.1,8.7,5.2,46.1,192.5,M10,54,60,0.844,23.32,4250,354,412,9.59,22.33,221,41.7,70,2.2,48.9,25,28.7,,,,,,,,,,
IPN 260,41.9,260,113,9.4,14.1,9.4,5.6,53.3,208.9,M12,62,62,0.906,21.65,5740,442,514,10.4,26.08,288,51,85.9,2.32,52.6,33.5,44.1,,,,,,,,,,
IPN 280,47.9,280,119,10.1,15.2,10.1,6.1,61,225.1,M12,68,68,0.966,20.17,7590,542,632,11.1,30.18,364,61.2,103,2.45,56.4,44.2,64.6,,,,,,,,,,
IPN 300,54.2,300,125,10.8,16.2,10.8,6.5,69,241.6,M12,70,74,1.03,19.02,9800,653,762,11.9,34.58,451,72.2,121,2.56,60.1,56.8,91.8,,,,,,,,,,
IPN 320,61,320,131,11.5,17.3,11.5,6.9,77.7,257.9,M12,70,80,1.09,17.87,12510,782,914,12.7,39.26,555,84.7,143,2.67,63.9,72.5,129,,,,,,,,,,
IPN 340,68,340,137,12.2,18.3,12.2,7.3,86.7,274.3,M12,78,86,1.15,16.9,15700,923,1080,13.5,44.27,674,98.4,166,2.8,67.6,90.4,176,,,,,,,,,,
IPN 360,76.1,360,143,13,19.5,13,7.8,97,290.2,M12,78,92,1.21,15.89,19610,1090,1276,14.2,49.95,818,114,194,2.9,71.8,115,240,,,,,,,,,,
IPN 380,84,380,149,13.7,20.5,13.7,8.2,107,306.7,M16,84,86,1.27,15.12,24010,1260,1482,15,55.55,975,131,221,3.02,75.4,141,319,,,,,,,,,,
IPN 400,92.4,400,155,14.4,21.6,14.4,8.6,118,322.9,M16,86,92,1.33,14.36,29210,1460,1714,15.7,61.69,1160,149,253,3.13,79.3,170,420,,,,,,,,,,
IPN 450,115,450,170,16.2,24.3,16.2,9.7,147,363.6,M16,92,106,1.48,12.83,45850,2040,2400,17.7,77.79,1730,203,345,3.43,88.9,267,791,,,,,,,,,,
IPN 500,141,500,185,18,27,18,10.8,179,404.3,M20,102,110,1.63,11.6,68740,2750,3240,19.6,95.6,2480,268,456,3.72,98.5,402,1400,,,,,,,,,,
IPN 550,166,550,200,19,30,19,11.9,212,445.6,M22,112,118,1.8,10.8,99180,3610,4240,21.6,111.3,3490,349,592,4.02,107.3,544,2390,,,,,,,,,,
,,,,,,,,,,,,,,,,,,,,,,,,,,,,,,,,,,,,
Profili HE/HL,G,h,b,tw,tf,r,A,hi,d,Ø,pmin,pmax,AL,AG,Iy,Wel.y,Wpl.y,iy,Avz,Iz,Wel.z,Wpl.z, iz,ss,It,Iwx10-3,,,,,,,,,,
,[kg/m], [mm],[mm], [mm], [mm], [mm],[cm2], [mm], [mm],, [mm], [mm],[m2/m], [m2/t],[cm4] ,[cm3],[cm3],[cm],[cm2],[cm4] ,[cm3],[cm3],[cm], [mm],[cm4] ,[cm6] ,,,,,,,,,,
,24.7,133,140,5.5,8.5,12,31.42,116,92,M16,64,76,0.794,32.21,1033,155.4,173.5,5.73,10.12,389.3,55.62,84.85,3.52,36.56,8.13,15.06,,,,,,,,,,
HE 100 AA,12.2,91,100,4.2,5.5,12,15.6,80,56,M10,54,58,0.553,45.17,236.5,51.98,58.36,3.89,6.15,92.06,18.41,28.44,2.43,29.26,2.51,1.68,,,,,,,,,,
HE 100 A,16.7,96,100,5,8,12,21.24,80,56,M10,54,58,0.561,33.68,349.2,72.76,83.01,4.06,7.56,133.8,26.76,41.14,2.51,35.06,5.24,2.58,,,,,,,,,,
HE 100 B,20.4,100,100,6,10,12,26.04,80,56,M10,56,58,0.567,27.76,449.5,89.91,104.2,4.16,9.04,167.3,33.45,51.42,2.53,40.06,9.25,3.38,,,,,,,,,,
HE 100 M,41.8,120,106,12,20,12,53.24,80,56,M10,62,64,0.619,14.82,1143,190.4,235.8,4.63,18.04,399.2,75.31,116.3,2.74,66.06,68.21,9.93,,,,,,,,,,
HE 120 AA,14.6,109,120,4.2,5.5,12,18.55,98,74,M12,58,68,0.669,45.94,413.4,75.85,84.12,4.72,6.9,158.8,26.47,40.62,2.93,29.26,2.78,4.24,,,,,,,,,,
HE 120 A,19.9,114,120,5,8,12,25.34,98,74,M12,58,68,0.677,34.06,606.2,106.3,119.5,4.89,8.46,230.9,38.48,58.85,3.02,35.06,5.99,6.47,,,,,,,,,,
HE 120 B,26.7,120,120,6.5,11,12,34.01,98,74,M12,60,68,0.686,25.71,864.4,144.1,165.2,5.04,10.96,317.5,52.92,80.97,3.06,42.56,13.84,9.41,,,,,,,,,,
HE 120 M,52.1,140,126,12.5,21,12,66.41,98,74,M12,66,74,0.738,14.16,2018,288.2,350.6,5.51,21.15,702.8,111.6,171.6,3.25,68.56,91.66,24.79,,,,,,,,,,
HE 140 AA,18.1,128,140,4.3,6,12,23.02,116,92,M16,64,76,0.787,43.53,719.5,112.4,123.8,5.59,7.92,274.8,39.26,59.93,3.45,30.36,3.54,10.21,,,,,,,,,,
HE 140 A,24.7,133,140,5.5,8.5,12,31.42,116,92,M16,64,76,0.794,32.21,1033,155.4,173.5,5.73,10.12,389.3,55.62,84.85,3.52,36.56,8.13,15.06,,,,,,,,,,
HE 140 B,33.7,140,140,7,12,12,42.96,116,92,M16,66,76,0.805,23.88,1509,215.6,245.4,5.93,13.08,549.7,78.52,119.8,3.58,45.06,20.06,22.48,,,,,,,,,,
HE 140 M,63.2,160,146,13,22,12,80.56,116,92,M16,72,82,0.857,13.56,3291,411.4,493.8,6.39,24.46,1144,156.8,240.5,3.77,71.06,120,54.33,,,,,,,,,,
HE 160 AA,23.8,148,160,4.5,7,15,30.36,134,104,M20,76,84,0.901,37.81,1283,173.4,190.4,6.5,10.38,478.7,59.84,91.36,3.97,36.07,6.33,23.75,,,,,,,,,,
HE 160 A,30.4,152,160,6,9,15,38.77,134,104,M20,78,84,0.906,29.78,1673,220.1,245.1,6.57,13.21,615.6,76.95,117.6,3.98,41.57,12.19,31.41,,,,,,,,,,
HE 160 B,42.6,160,160,8,13,15,54.25,134,104,M20,80,84,0.918,21.56,2492,311.5,354,6.78,17.59,889.2,111.2,170,4.05,51.57,31.24,47.94,,,,,,,,,,
HE 160 M,76.2,180,166,14,23,15,97.05,134,104,M20,86,90,0.97,12.74,5098,566.5,674.6,7.25,30.81,1759,211.9,325.5,4.26,77.57,162.4,108.1,,,,,,,,,,
HE 180 AA,28.7,167,180,5,7.5,15,36.53,152,122,M24,84,92,1.018,35.51,1967,235.6,258.2,7.34,12.16,730,81.11,123.6,4.47,37.57,8.33,46.36,,,,,,,,,,
HE 180 A,35.5,171,180,6,9.5,15,45.25,152,122,M24,86,92,1.024,28.83,2510,293.6,324.9,7.45,14.47,924.6,102.7,156.5,4.52,42.57,14.8,60.21,,,,,,,,,,
HE 180 B,51.2,180,180,8.5,14,15,65.25,152,122,M24,88,92,1.037,20.25,3831,425.7,481.4,7.66,20.24,1363,151.4,231,4.57,54.07,42.16,93.75,,,,,,,,,,
HE 180 M,88.9,200,186,14.5,24,15,113.3,152,122,M24,94,98,1.089,12.25,7483,748.3,883.4,8.13,34.65,2580,277.4,425.2,4.77,80.07,203.3,199.3,,,,,,,,,,
HE 200 AA,34.6,186,200,5.5,8,18,44.13,170,134,M27,96,100,1.13,32.62,2944,316.6,347.1,8.17,15.45,1068,106.8,163.2,4.92,42.59,12.69,84.49,,,,,,,,,,
HE 200 A,42.3,190,200,6.5,10,18,53.83,170,134,M27,98,100,1.136,26.89,3692,388.6,429.5,8.28,18.08,1336,133.6,203.8,4.98,47.59,20.98,108,,,,,,,,,,
HE 200 B,61.3,200,200,9,15,18,78.08,170,134,M27,100,100,1.151,18.78,5696,569.6,642.5,8.54,24.83,2003,200.3,305.8,5.07,60.09,59.28,171.1,,,,,,,,,,
HE 200 M,103,220,206,15,25,18,131.3,170,134,M27,106,106,1.203,11.67,10640,967.4,1135,9,41.03,3651,354.5,543.2,5.27,86.09,259.4,346.3,,,,,,,,,,
HE 220 AA,40.4,205,220,6,8.5,18,51.46,188,152,M27,98,118,1.247,30.87,4170,406.9,445.5,9,17.63,1510,137.3,209.3,5.42,44.09,15.93,145.6,,,,,,,,,,
HE 220 A,50.5,210,220,7,11,18,64.34,188,152,M27,98,118,1.255,24.85,5410,515.2,568.5,9.17,20.67,1955,177.7,270.6,5.51,50.09,28.46,193.3,,,,,,,,,,
HE 220 B,71.5,220,220,9.5,16,18,91.04,188,152,M27,100,118,1.27,17.77,8091,735.5,827,9.43,27.92,2843,258.5,393.9,5.59,62.59,76.57,295.4,,,,,,,,,,
HE 220 M,117,240,226,15.5,26,18,149.4,188,152,M27,108,124,1.322,11.27,14600,1217,1419,9.89,45.31,5012,443.5,678.6,5.79,88.59,315.3,572.7,,,,,,,,,,
HE 240 AA,47.4,224,240,6.5,9,21,60.38,206,164,M27,104,138,1.359,28.67,5835,521,570.6,9.83,21.54,2077,173.1,264.4,5.87,49.1,22.98,239.6,,,,,,,,,,
HE 240 A,60.3,230,240,7.5,12,21,76.84,206,164,M27,104,138,1.369,22.7,7763,675.1,744.6,10.05,25.18,2769,230.7,351.7,6,56.1,41.55,328.5,,,,,,,,,,
HE 240 B,83.2,240,240,10,17,21,106,206,164,M27,108,138,1.384,16.63,11260,938.3,1053,10.31,33.23,3923,326.9,498.4,6.08,68.6,102.7,486.9,,,,,,,,,,
HE 240 M,157,270,248,18,32,21,199.6,206,164,M27,116,146,1.46,9.318,24290,1799,2117,11.03,60.07,8153,657.5,1006,6.39,106.6,627.9,1152,,,,,,,,,,
HE 260 AA,54.1,244,260,6.5,9.5,24,68.97,225,177,M27,110,158,1.474,27.22,7981,654.1,714.5,10.76,24.75,2788,214.5,327.7,6.36,53.62,30.31,382.6,,,,,,,,,,
HE 260 A,68.2,250,260,7.5,12.5,24,86.82,225,177,M27,110,158,1.484,21.77,10450,836.4,919.8,10.97,28.76,3668,282.1,430.2,6.5,60.62,52.37,516.4,,,,,,,,,,
HE 260 B,93,260,260,10,17.5,24,118.4,225,177,M27,114,158,1.499,16.12,14920,1148,1283,11.22,37.59,5135,395,602.2,6.58,73.12,123.8,753.7,,,,,,,,,,
HE 260 M,172,290,268,18,32.5,24,219.6,225,177,M27,122,166,1.575,9.133,31310,2159,2524,11.94,66.89,10450,779.7,1192,6.9,111.1,719,1728,,,,,,,,,,
HE 280 AA,61.2,264,280,7,10,24,78.02,244,196,M27,110,178,1.593,26.01,10560,799.8,873.1,11.63,27.52,3664,261.7,399.4,6.85,55.12,36.22,590.1,,,,,,,,,,
HE 280 A,76.4,270,280,8,13,24,97.26,244,196,M27,112,178,1.603,20.99,13670,1013,1112,11.86,31.74,4763,340.2,518.1,7,62.12,62.1,785.4,,,,,,,,,,
HE 280 B,103,280,280,10.5,18,24,131.4,244,196,M27,114,178,1.618,15.69,19270,1376,1534,12.11,41.09,6595,471,717.6,7.09,74.62,143.7,1130,,,,,,,,,,
HE 280 M,189,310,288,18.5,33,24,240.2,244,196,M27,122,186,1.694,8.984,39550,2551,2966,12.83,72.03,13160,914.1,1397,7.4,112.6,807.3,2520,,,,,,,,,,
HE 300 AA,69.8,283,300,7.5,10.5,27,88.91,262,208,M27,116,198,1.705,24.42,13800,975.6,1065,12.46,32.37,4734,315.6,482.3,7.3,60.13,49.35,877.2,,,,,,,,,,
HE 300 A,88.3,290,300,8.5,14,27,112.5,262,208,M27,118,198,1.717,19.43,18260,1260,1383,12.74,37.28,6310,420.6,641.2,7.49,68.13,85.17,1200,,,,,,,,,,
HE 300 B,117,300,300,11,19,27,149.1,262,208,M27,120,198,1.732,14.8,25170,1678,1869,12.99,47.43,8563,570.9,870.1,7.58,80.63,185,1688,,,,,,,,,,
HE 300 M,238,340,310,21,39,27,303.1,262,208,M27,132,208,1.832,7.699,59200,3482,4078,13.98,90.53,19400,1252,1913,8,130.6,1408,4386,,,,,,,,,,
HE 320 AA,74.2,301,300,8,11,27,94.58,279,225,M27,118,198,1.74,23.43,16450,1093,1196,13.19,35.4,4959,330.6,505.7,7.24,61.63,55.87,1041,,,,,,,,,,
HE 320 A,97.6,310,300,9,15.5,27,124.4,279,225,M27,118,198,1.756,17.98,22930,1479,1628,13.58,41.13,6985,465.7,709.7,7.49,71.63,108,1512,,,,,,,,,,
HE 320 B,127,320,300,11.5,20.5,27,161.3,279,225,M27,122,198,1.771,13.98,30820,1926,2149,13.82,51.77,9239,615.9,939.1,7.57,84.13,225.1,2069,,,,,,,,,,
HE 320 M,245,359,309,21,40,27,312,279,225,M27,132,204,1.866,7.616,68130,3796,4435,14.78,94.85,19710,1276,1951,7.95,132.6,1501,5004,,,,,,,,,,
HE 340 AA,78.9,320,300,8.5,11.5,27,100.5,297,243,M27,118,198,1.777,22.52,19550,1222,1341,13.95,38.69,5185,345.6,529.3,7.18,63.13,63.07,1231,,,,,,,,,,
HE 340 A,105,330,300,9.5,16.5,27,133.5,297,243,M27,118,198,1.795,17.13,27690,1678,1850,14.4,44.95,7436,495.7,755.9,7.46,74.13,127.2,1824,,,,,,,,,,
HE 340 B,134,340,300,12,21.5,27,170.9,297,243,M27,122,198,1.81,13.49,36660,2156,2408,14.65,56.09,9690,646,985.7,7.53,86.63,257.2,2454,,,,,,,,,,
HE 340 M,248,377,309,21,40,27,315.8,297,243,M27,132,204,1.902,7.67,76370,4052,4718,15.55,98.63,19710,1276,1953,7.9,132.6,1506,5584,,,,,,,,,,
HE 360 AA,83.7,339,300,9,12,27,106.6,315,261,M27,118,198,1.814,21.67,23040,1359,1495,14.7,42.17,5410,360.7,553,7.12,64.63,70.99,1444,,,,,,,,,,
HE 360 A,112,350,300,10,17.5,27,142.8,315,261,M27,120,198,1.834,16.36,33090,1891,2088,15.22,48.96,7887,525.8,802.3,7.43,76.63,148.8,2177,,,,,,,,,,
HE 360 B,142,360,300,12.5,22.5,27,180.6,315,261,M27,122,198,1.849,13.04,43190,2400,2683,15.46,60.6,10140,676.1,1032,7.49,89.13,292.5,2883,,,,,,,,,,
HE 360 M,250,395,308,21,40,27,318.8,315,261,M27,132,204,1.934,7.73,84870,4297,4989,16.32,102.4,19520,1268,1942,7.83,132.6,1507,6137,,,,,,,,,,
HE 400 AA,92.4,378,300,9.5,13,27,117.7,352,298,M27,118,198,1.891,20.46,31250,1654,1824,16.3,47.95,5861,390.8,599.7,7.06,67.13,84.69,1948,,,,,,,,,,
HE 400 A,125,390,300,11,19,27,159,352,298,M27,120,198,1.912,15.32,45070,2311,2562,16.84,57.33,8564,570.9,872.9,7.34,80.63,189,2942,,,,,,,,,,
HE 400 B,155,400,300,13.5,24,27,197.8,352,298,M27,124,198,1.927,12.41,57680,2884,3232,17.08,69.98,10820,721.3,1104,7.4,93.13,355.7,3817,,,,,,,,,,
HE 400 M,256,432,307,21,40,27,325.8,352,298,M27,132,202,2.004,7.835,104100,4820,5571,17.88,110.2,19340,1260,1934,7.7,132.6,1515,7410,,,,,,,,,,
HE 450 AA,99.7,425,300,10,13.5,27,127.1,398,344,M27,120,198,1.984,19.89,41890,1971,2183,18.16,54.7,6088,405.8,624.4,6.92,68.63,95.61,2572,,,,,,,,,,
HE 450 A,140,440,300,11.5,21,27,178,398,344,M27,122,198,2.011,14.39,63720,2896,3216,18.92,65.78,9465,631,965.5,7.29,85.13,243.8,4148,,,,,,,,,,
HE 450 B,171,450,300,14,26,27,218,398,344,M27,124,198,2.026,11.84,79890,3551,3982,19.14,79.66,11720,781.4,1198,7.33,97.63,440.5,5258,,,,,,,,,,
HE 450 M,263,478,307,21,40,27,335.4,398,344,M27,132,202,2.096,7.959,131500,5501,6331,19.8,119.8,19340,1260,1939,7.59,132.6,1529,9251,,,,,,,,,,
HE 500 AA,107,472,300,10.5,14,27,136.9,444,390,M27,120,198,2.077,19.33,54640,2315,2576,19.98,61.91,6314,420.9,649.3,6.79,70.13,107.7,3304,,,,,,,,,,
HE 500 A,155,490,300,12,23,27,197.5,444,390,M27,122,198,2.11,13.6,86970,3550,3949,20.98,74.72,10370,691.1,1059,7.24,89.63,309.3,5643,,,,,,,,,,
HE 500 B,187,500,300,14.5,28,27,238.6,444,390,M27,124,198,2.125,11.34,107200,4287,4815,21.19,89.82,12620,841.6,1292,7.27,102.1,538.4,7018,,,,,,,,,,
HE 500 M,270,524,306,21,40,27,344.3,444,390,M27,132,202,2.184,8.079,161900,6180,7094,21.69,129.5,19150,1252,1932,7.46,132.6,1539,11190,,,,,,,,,,
HE 550 AA,120,522,300,11.5,15,27,152.8,492,438,M27,122,198,2.175,18.13,72870,2792,3128,21.84,72.66,6767,451.1,698.6,6.65,73.13,133.7,4338,,,,,,,,,,
HE 550 A,166,540,300,12.5,24,27,211.8,492,438,M27,122,198,2.209,13.29,111900,4146,4622,22.99,83.72,10820,721.3,1107,7.15,92.13,351.5,7189,,,,,,,,,,
HE 550 B,199,550,300,15,29,27,254.1,492,438,M27,124,198,2.224,11.15,136700,4971,5591,23.2,100.1,13080,871.8,1341,7.17,104.6,600.3,8856,,,,,,,,,,
HE 550 M,278,572,306,21,40,27,354.4,492,438,M27,132,202,2.28,8.195,198000,6923,7933,23.64,139.6,19160,1252,1937,7.35,132.6,1554,13520,,,,,,,,,,
HE 600 AA,129,571,300,12,15.5,27,164.1,540,486,M27,122,198,2.272,17.64,91900,3218,3623,23.66,81.29,6993,466.2,724.5,6.53,74.63,149.8,5381,,,,,,,,,,
HE 600 A,178,590,300,13,25,27,226.5,540,486,M27,122,198,2.308,12.98,141200,4787,5350,24.97,93.21,11270,751.4,1156,7.05,94.63,397.8,8978,,,,,,,,,,
HE 600 B,212,600,300,15.5,30,27,270,540,486,M27,126,198,2.323,10.96,171000,5701,6425,25.17,110.8,13530,902,1391,7.08,107.1,667.2,10970,,,,,,,,,,
HE 600 M,285,620,305,21,40,27,363.7,540,486,M27,132,200,2.372,8.308,237400,7660,8772,25.55,149.7,18980,1244,1930,7.22,132.6,1564,15910,,,,,,,,,,
HE 600 x 337,337,632,310,25.5,46,27,429.2,540,486,M27,138,202,2.407,7.144,283200,8961,10380,25.69,180.5,22940,1480,2310,7.31,149.1,2451,19610,,,,,,,,,,
HE 600 x 399,399,648,315,30,54,27,508.5,540,486,M27,142,208,2.45,6.137,344600,10640,12460,26.03,213.6,28280,1796,2814,7.46,169.6,3966,24810,,,,,,,,,,
HE 650 AA,138,620,300,12.5,16,27,175.8,588,534,M27,122,198,2.369,17.17,113900,3676,4160,25.46,90.4,7221,481.4,750.7,6.41,76.13,167.5,6567,,,,,,,,,,
HE 650 A,190,640,300,13.5,26,27,241.6,588,534,M27,124,198,2.407,12.69,175200,5474,6136,26.93,103.2,11720,781.6,1205,6.97,97.13,448.3,11030,,,,,,,,,,
HE 650 B,225,650,300,16,31,27,286.3,588,534,M27,126,198,2.422,10.77,210600,6480,7320,27.12,122,13980,932.3,1441,6.99,109.6,739.2,13360,,,,,,,,,,
HE 650 M,293,668,305,21,40,27,373.7,588,534,M27,132,200,2.468,8.411,281700,8433,9657,27.45,159.7,18980,1245,1936,7.13,132.6,1579,18650,,,,,,,,,,
HE 650 x 343,343,680,309,25,46,27,437.5,588,534,M27,138,202,2.5,7.278,333700,9815,11350,27.62,189.6,22720,1470,2300,7.21,148.6,2442,22730,,,,,,,,,,
HE 650 x 407,407,696,314,29.5,54,27,518.8,588,534,M27,142,206,2.543,6.243,405400,11650,13620,27.95,224.8,28020,1785,2803,7.35,169.1,3958,28710,,,,,,,,,,
HE 700 AA,150,670,300,13,17,27,190.9,636,582,M27,122,198,2.468,16.46,142700,4260,4840,27.34,100.3,7673,511.5,799.7,6.34,78.63,195.2,8155,,,,,,,,,,
HE 700 A,204,690,300,14.5,27,27,260.5,636,582,M27,124,198,2.505,12.25,215300,6241,7032,28.75,117,12180,811.9,1257,6.84,100.1,513.9,13350,,,,,,,,,,
HE 700 B,241,700,300,17,32,27,306.4,636,582,M27,126,198,2.52,10.48,256900,7340,8327,28.96,137.1,14440,962.7,1495,6.87,112.6,830.9,16060,,,,,,,,,,
HE 700 M,301,716,304,21,40,27,383,636,582,M27,132,200,2.56,8.513,329300,9198,10540,29.32,169.8,18800,1237,1929,7.01,132.6,1589,21400,,,,,,,,,,
HE 700 x 352,352,728,308,25,46,27,448.6,636,582,M27,138,200,2.592,7.359,389700,10710,12390,29.47,201.6,22510,1461,2293,7.08,148.6,2461,26050,,,,,,,,,,
HE 700 x 418,418,744,313,29.5,54,27,531.9,636,582,M27,142,206,2.635,6.31,472500,12700,14840,29.8,239,27760,1774,2797,7.22,169.1,3989,32850,,,,,,,,,,
HE 800 AA,172,770,300,14,18,30,218.5,734,674,M27,130,198,2.66,15.51,208900,5426,6225,30.92,123.8,8134,542.2,856.6,6.1,85.15,256.8,11450,,,,,,,,,,
HE 800 A,224,790,300,15,28,30,285.8,734,674,M27,130,198,2.698,12.03,303400,7682,8699,32.58,138.8,12640,842.6,1312,6.65,106.1,596.9,18290,,,,,,,,,,
HE 800 B,262,800,300,17.5,33,30,334.2,734,674,M27,134,198,2.713,10.34,359100,8977,10230,32.78,161.8,14900,993.6,1553,6.68,118.6,946,21840,,,,,,,,,,
HE 800 M,317,814,303,21,40,30,404.3,734,674,M27,138,198,2.746,8.655,442600,10870,12490,33.09,194.3,18630,1230,1930,6.79,136.1,1646,27780,,,,,,,,,,
HE 800 x 373,373,826,308,25,46,30,474.6,734,674,M27,144,200,2.782,7.469,523900,12690,14700,33.23,230.3,22530,1463,2311,6.89,152.1,2554,34070,,,,,,,,,,
HE 800 x 444,444,842,313,30,54,30,566,734,674,M27,148,206,2.824,6.357,634500,15070,17640,33.48,276.5,27800,1776,2827,7.01,173.1,4180,42840,,,,,,,,,,
HE 900 AA,198,870,300,15,20,30,252.2,830,770,M27,130,198,2.858,14.44,301100,6923,7999,34.55,147.2,9041,602.8,957.7,5.99,90.15,334.9,16260,,,,,,,,,,
HE 900 A,252,890,300,16,30,30,320.5,830,770,M27,132,198,2.896,11.51,422100,9485,10810,36.29,163.3,13550,903.2,1414,6.5,111.1,736.8,24960,,,,,,,,,,
HE 900 B,291,900,300,18.5,35,30,371.3,830,770,M27,134,198,2.911,9.99,494100,10980,12580,36.48,188.8,15820,1054,1658,6.53,123.6,1137,29460,,,,,,,,,,
HE 900 M,333,910,302,21,40,30,423.6,830,770,M27,138,198,2.934,8.824,570400,12540,14440,36.7,214.4,18450,1222,1929,6.6,136.1,1671,34750,,,,,,,,,,
HE 900 x 391,391,922,307,25,46,30,497.7,830,770,M27,144,200,2.97,7.604,674300,14630,16990,36.81,254.3,22320,1454,2312,6.7,152.1,2597,42560,,,,,,,,,,
HE 900 x 466,466,938,312,30,54,30,593.7,830,770,M27,148,204,3.012,6.464,814900,17380,20380,37.05,305.3,27560,1767,2832,6.81,173.1,4256,53400,,,,,,,,,,
HE 1000 AA,222,970,300,16,21,30,282.2,928,868,M27,132,198,3.056,13.8,406500,8380,9777,37.95,172.2,9501,633.4,1016,5.8,93.15,403.4,21280,,,,,,,,,,
HE 1000 A,272,990,300,16.5,31,30,346.8,928,868,M27,132,198,3.095,11.37,553800,11190,12820,39.96,184.6,14000,933.6,1470,6.35,113.6,822.4,32070,,,,,,,,,,
HE 1000 B,314,1000,300,19,36,30,400,928,868,M27,134,198,3.11,9.905,644700,12890,14860,40.15,212.5,16280,1085,1716,6.38,126.1,1254,37640,,,,,,,,,,
HE 1000 M,349,1008,302,21,40,30,444.2,928,868,M27,138,198,3.13,8.978,722300,14330,16570,40.32,235,18460,1222,1940,6.45,136.1,1701,43020,,,,,,,,,,
HE 1000 x 393,393,1016,303,24.4,43.9,30,500.2,928,868,M27,144,196,3.144,8.006,807700,15900,18540,40.18,271.3,20500,1353,2168,6.4,147.3,2332,48080,,,,,,,,,,
HE 1000 x 409,409,1020,306,25,46,30,521.2,928,868,M27,144,198,3.162,7.729,850800,16680,19450,40.4,278.8,22120,1446,2313,6.51,152.1,2642,52100,,,,,,,,,,
HE 1000 x 488,488,1036,311,30,54,30,622,928,868,M27,148,204,3.204,6.563,1027000,19820,23300,40.62,334.7,27320,1757,2837,6.63,173.1,4334,65270,,,,,,,,,,
HE 1000 x 579,579,1056,316,35,64,30,737,928,868,M27,154,208,3.254,5.625,1246000,23590,27950,41.11,393.3,34040,2154,3498,6.8,198.1,7102,82800,,,,,,,,,,
HL 920 x 342,342,912,418,19.3,32,24,436.1,848,800,M27,126,312,3.42,9.98,624900,13700,15450,37.85,190.1,39010,1867,2882,9.46,111.4,1193,75410,,,,,,,,,,
HL 920 x 365,365,916,419,20.3,34.3,24,464.4,847.4,799.4,M27,128,314,3.43,9.4,670500,14640,16520,38,200.4,42120,2011,3106,9.52,117,1446,81730,,,,,,,,,,
HL 920 x 387,387,921,420,21.3,36.6,24,493,847.8,799.8,M27,128,314,3.44,8.88,718300,15600,17630,38.17,210.9,45280,2156,3332,9.58,122.6,1734,88370,,,,,,,,,,
HL 920 x 417,417,928,422,22.5,39.9,24,532.5,848.2,800.2,M27,130,316,3.46,8.27,787600,16970,19210,38.46,223.9,50070,2373,3668,9.7,130.4,2200,98540,,,,,,,,,,
HL 920 x 446,446,933,423,24,42.7,24,569.6,847.6,799.6,M27,130,318,3.47,7.76,846800,18150,20600,38.56,239.1,53980,2552,3951,9.73,137.5,2685,106740,,,,,,,,,,
HL 920 x 488,488,942,422,25.9,47,24,621.3,848,800,M27,132,316,3.48,7.13,935390,19860,22615,38.8,259.3,59010,2797,4336,9.75,148,3514,117890,,,,,,,,,,
HL 920 x 534,534,950,425,28.4,51.1,24,680.1,847.8,799.8,M27,136,320,3.5,6.56,1031000,21710,24830,38.94,284.8,65560,3085,4796,9.82,158.7,4542,132070,,,,,,,,,,
HL 920 x 585,585,960,427,31,55.9,24,745.3,848.2,800.2,M27,138,322,3.52,6.02,1143090,23814,27363,39.16,312,72770,3408,5310,9.88,170.9,5932,148220,,,,,,,,,,
HL 920 x 653,653,972,431,34.5,62,24,831.9,848,800,M27,144,320,3.56,5.45,1292000,26590,30730,39.41,348.7,83050,3854,6022,9.99,186.6,8124,171280,,,,,,,,,,
HL 920 x 784,784,996,437,40.9,73.9,24,997.7,848.2,800.2,M27,152,326,3.62,4.62,1593000,31980,37340,39.95,417.6,103300,4728,7424,10.18,216.8,13730,218490,,,,,,,,,,
HL 920 x 967,967,1028,446,50,89.9,24,1231,848.2,800.2,M27,160,334,3.7,3.83,2033000,39540,46810,40.64,517.1,133900,6003,9486,10.43,257.9,24930,292450,,,,,,,,,,
HL 1000 x 296,296,982,400,16.5,27,30,376.8,928,868,M27,134,294,3.479,11.76,618700,12600,14220,40.52,181.5,28850,1443,2235,8.75,105.6,756.9,65670,,,,,,,,,,
HL 1000 A,321,990,400,16.5,31,30,408.8,928,868,M27,134,294,3.495,10.89,696400,14070,15800,41.27,184.6,33120,1656,2555,9,113.6,1021,76030,,,,,,,,,,
HL 1000 B,371,1000,400,19,36,30,472,928,868,M27,136,294,3.51,9.474,812100,16240,18330,41.48,212.5,38480,1924,2976,9.03,126.1,1565,89210,,,,,,,,,,
HL 1000 M,412,1008,402,21,40,30,524.2,928,868,M27,142,290,3.53,8.58,909800,18050,20440,41.66,235,43410,2160,3348,9.1,136.1,2128,101460,,,,,,,,,,
HL 1000 x 477,477,1018,404,25.5,45,30,608,928,868,M27,146,292,3.549,7.437,1047000,20570,23530,41.5,282.8,49610,2456,3838,9.03,150.6,3159,117050,,,,,,,,,,
HL 1000 x 554,554,1032,408,29.5,52,30,705.8,928,868,M27,150,296,3.585,6.471,1232000,23880,27500,41.79,328,59100,2897,4547,9.15,168.6,4860,141330,,,,,,,,,,
HL 1000 x 642,642,1048,412,34,60,30,817.6,928,868,M27,154,300,3.624,5.647,1451000,27680,32100,42.12,379.6,70280,3412,5379,9.27,189.1,7440,170670,,,,,,,,,,
HL 1000 x 748,748,1068,417,39,70,30,953.4,928,868,M27,160,304,3.674,4.909,1732000,32430,37880,42.62,438.9,85111,4082,6459,9.45,214.1,11670,210650,,,,,,,,,,
HL 1000 x 883,883,1092,424,45.5,82,30,1125.3,928,868,M27,166,312,3.737,4.231,2096000,38390,45260,43.16,516.5,105000,4952,7874,9.66,244.6,18750,265670,,,,,,,,,,
HL 1100 A,343,1090,400,18,31,20,436.5,1028,988,M27,116,294,3.71,10.83,867400,15920,18060,44.58,206.5,33120,1656,2568,8.71,103.4,1037,92710,,,,,,,,,,
HL 1100 B,390,1100,400,20,36,20,497,1028,988,M27,118,294,3.726,9.549,1005000,18280,20780,44.98,230.6,38480,1924,2988,8.8,115.4,1564,108680,,,,,,,,,,
HL 1100 M,433,1108,402,22,40,20,551.2,1028,988,M27,122,290,3.746,8.657,1126000,20320,23160,45.19,254.4,43410,2160,3362,8.87,125.4,2130,123500,,,,,,,,,,
HL 1100 R,499,1118,405,26,45,20,635.2,1028,988,M27,126,294,3.77,7.56,1294000,23150,26600,45.14,300.4,49980,2468,3870,8.87,139.4,3135,143410,,,,,,,,,,
,,,,,,,,,,,,,,,,,,,,,,,,,,,,,,,,,,,,
Profili HD,G,h,b,tw,tf,r,A,hi,d,Ø,pmin,pmax,AL,AG,Iy,Wel.y,Wpl.y,iy,Avz,Iz,Wel.z,Wpl.z, iz,ss,It,Iwx10-3,,,,,,,,,,
,[kg/m], [mm],[mm], [mm], [mm], [mm],[cm2], [mm], [mm],, [mm], [mm],[m2/m], [m2/t],[cm4] ,[cm3],[cm3],[cm],[cm2],[cm4] ,[cm3],[cm3],[cm], [mm],[cm4] ,[cm6] ,,,,,,,,,,
,592,465,421,45,72.3,15,754.9,320.4,290.4,M27,134,316,2.5,4.22,250200,10760,13140,18.2,200.3,90170,4284,6574,10.93,207.2,11560,34670,,,,,,,,,,
HD 260 x 54.1,54.1,244,260,6.5,9.5,24,68.97,225,177,M27,110,158,1.47,27.22,7981,654.1,714.5,10.76,24.75,2788,214.5,327.7,6.36,53.62,30.31,382.6,,,,,,,,,,
HD 260 x 68.2,68.2,250,260,7.5,12.5,24,86.82,225,177,M27,110,158,1.48,21.77,10450,836.4,919.8,10.97,28.76,3668,282.1,430.2,6.5,60.62,52.37,516.4,,,,,,,,,,
HD 260 x 93.0,93,260,260,10,17.5,24,118.4,225,177,M27,114,158,1.5,16.12,14920,1148,1283,11.22,37.59,5135,395,602.2,6.58,73.12,123.8,753.7,,,,,,,,,,
HD 260 x 114,114,268,262,12.5,21.5,24,145.7,225,177,M27,116,160,1.52,13.27,18910,1411,1600,11.39,46.08,6456,492.8,752.5,6.66,83.62,222.4,979,,,,,,,,,,
HD 260 x 142,142,278,265,15.5,26.5,24,180.3,225,177,M27,120,164,1.54,10.91,24330,1750,2015,11.62,56.65,8236,621.6,950.5,6.76,96.62,406.8,1300,,,,,,,,,,
HD 260 x 172,172,290,268,18,32.5,24,219.6,225,177,M27,122,166,1.57,9.13,31310,2159,2524,11.94,66.89,10450,779.7,1192,6.9,111.1,719,1728,,,,,,,,,,
HD 320 x 74.2,74.2,301,300,8,11,27,94.58,279,225,M27,118,198,1.74,23.43,16450,1093,1196,13.19,35.4,4959,330.6,505.7,7.24,61.63,55.87,1041,,,,,,,,,,
HD 320 x 97.6,97.6,310,300,9,15.5,27,124.4,279,225,M27,118,198,1.76,17.98,22930,1479,1628,13.58,41.13,6985,465.7,709.7,7.49,71.63,108,1512,,,,,,,,,,
HD 320 x 127,127,320,300,11.5,20.5,27,161.3,279,225,M27,122,198,1.77,13.98,30820,1926,2149,13.82,51.77,9239,615.9,939.1,7.57,84.13,225.1,2069,,,,,,,,,,
HD 320 x 158,158,330,303,14.5,25.5,27,201.2,279,225,M27,124,202,1.8,11.37,39640,2403,2718,14.04,64.18,11840,781.7,1194,7.67,97.13,420.5,2741,,,,,,,,,,
HD 320 x 198,198,343,306,18,32,27,252.3,279,225,M27,128,204,1.83,9.23,51900,3026,3479,14.34,79.52,15310,1001,1530,7.79,113.6,805.3,3695,,,,,,,,,,
HD 320 x 245,245,359,309,21,40,27,312,279,225,M27,132,204,1.87,7.62,68130,3796,4435,14.78,94.85,19710,1276,1951,7.95,132.6,1501,5004,,,,,,,,,,
HD 320 x 300,300,375,313,27,48,27,382.1,279,225,M27,138,208,1.9,6.34,86900,4635,5522,15.08,120.47,24600,1572,2414,8.02,154.6,2650,6558,,,,,,,,,,
HD 360 x 134,134,356,369,11.2,18,15,170.6,320,290,M27,100,264,2.14,15.98,41510,2332,2562,15.6,45.19,15080,817.3,1237,9.4,64.77,168.8,4305,,,,,,,,,,
HD 360 x 147,147,360,370,12.3,19.8,15,187.9,320.4,290.4,M27,100,264,2.15,14.58,46290,2572,2838,15.7,49.72,16720,903.9,1369,9.43,69.47,223.7,4836,,,,,,,,,,
HD 360 x 162,162,364,371,13.3,21.8,15,206.3,320.4,290.4,M27,102,266,2.16,13.34,51540,2832,3139,15.81,53.98,18560,1001,1516,9.49,74.47,295.5,5432,,,,,,,,,,
HD 360 x 179,179,368,373,15,23.9,15,228.3,320.2,290.2,M27,104,268,2.17,12.12,57440,3122,3482,15.86,60.72,20680,1109,1683,9.52,80.37,393.8,6119,,,,,,,,,,
HD 360 x 196,196,372,374,16.4,26.2,15,250.3,319.6,289.6,M27,104,268,2.18,11.1,63630,3421,3837,15.94,66.5,22860,1222,1856,9.56,86.37,517.1,6829,,,,,,,,,,
HD 400 x 187,187,368,391,15,24,15,237.6,320,290,M27,104,286,2.24,12.03,60180,3271,3642,15.91,60.73,23920,1224,1855,10.03,80.57,414.6,7074,,,,,,,,,,
HD 400 x 216,216,375,394,17.3,27.7,15,275.5,319.6,289.6,M27,106,288,2.27,10.48,71140,3794,4262,16.07,70.32,28250,1434,2176,10.13,90.27,637.3,8515,,,,,,,,,,
HD 400 x 237,237,380,395,18.9,30.2,15,300.9,319.6,289.6,M27,108,290,2.28,9.64,78780,4146,4686,16.18,77.1,31040,1572,2387,10.16,96.87,825.5,9489,,,,,,,,,,
HD 400 x 262,262,387,398,21.1,33.3,15,334.6,320.4,290.4,M27,110,292,2.3,8.75,89410,4620,5260,16.35,86.55,35020,1760,2676,10.23,105.3,1116,10940,,,,,,,,,,
HD 400 x 287,287,393,399,22.6,36.6,15,366.3,319.8,289.8,M27,112,294,2.31,8.04,99710,5074,5813,16.5,93.46,38780,1944,2957,10.29,113.4,1464,12300,,,,,,,,,,
HD 400 x 314,314,399,401,24.9,39.6,15,399.2,319.8,289.8,M27,114,296,2.33,7.42,110200,5525,6374,16.62,103.3,42600,2125,3236,10.33,121.7,1870,13740,,,,,,,,,,
HD 400 x 347,347,407,404,27.2,43.7,15,442,319.6,289.6,M27,116,298,2.35,6.77,124900,6140,7139,16.81,113.9,48090,2380,3629,10.43,132.2,2510,15850,,,,,,,,,,
HD 400 x 382,382,416,406,29.8,48,15,487.1,320,290,M27,118,300,2.37,6.2,141300,6794,7965,17.03,126,53620,2641,4031,10.49,143.4,3326,18130,,,,,,,,,,
HD 400 x 421,421,425,409,32.8,52.6,15,537.1,319.8,289.8,M27,122,304,2.39,5.68,159600,7510,8880,17.24,139.9,60080,2938,4489,10.58,155.6,4398,20800,,,,,,,,,,
HD 400 x 463,463,435,412,35.8,57.4,15,589.5,320.2,290.2,M27,124,306,2.42,5.23,180200,8283,9878,17.48,154.3,67040,3254,4978,10.66,168.2,5735,23850,,,,,,,,,,
HD 400 x 509,509,446,416,39.1,62.7,15,649,320.6,290.6,M27,128,310,2.45,4.81,204500,9172,11030,17.75,170.6,75400,3625,5552,10.78,182.1,7513,27630,,,,,,,,,,
HD 400 x 551,551,455,418,42,67.6,15,701.4,319.8,289.8,M27,132,312,2.47,4.49,226100,9939,12050,17.95,184.9,82490,3947,6051,10.85,194.8,9410,30870,,,,,,,,,,
HD 400 x 592,592,465,421,45,72.3,15,754.9,320.4,290.4,M27,134,316,2.5,4.22,250200,10760,13140,18.2,200.3,90170,4284,6574,10.93,207.2,11560,34670,,,,,,,,,,
HD 400 x 634,634,474,424,47.6,77.1,15,808,319.8,289.8,M27,140,312,2.52,3.98,274200,11570,14220,18.42,214,98250,4634,7117,11.03,219.4,14020,38570,,,,,,,,,,
HD 400 x 677,677,483,428,51.2,81.5,15,863.4,320,290,M27,144,316,2.55,3.76,299500,12400,15350,18.62,231.9,106900,4994,7680,11.13,231.8,16790,42920,,,,,,,,,,
HD 400 x 744,744,498,432,55.6,88.9,15,948.1,320.2,290.2,M27,148,320,2.59,3.48,342100,13740,17170,19,256.1,119900,5552,8549,11.25,251,21840,49980,,,,,,,,,,
HD 400 x 818,818,514,437,60.5,97,15,1043,320,290,M27,154,326,2.63,3.21,392200,15260,19260,19.39,283.3,135500,6203,9561,11.4,272.1,28510,58650,,,,,,,,,,
HD 400 x 900,900,531,442,65.9,106,15,1149,319,289,M27,158,330,2.67,2.96,450200,16960,21620,19.79,313.8,153300,6938,10710,11.55,295.5,37350,68890,,,,,,,,,,
HD 400 x 990,990,550,448,71.9,115,15,1262,320,290,M27,164,336,2.72,2.75,518900,18870,24280,20.27,349.2,173400,7739,11960,11.72,319.5,48210,81530,,,,,,,,,,
HD 400 x 1086,1086,569,454,78,125,15,1386,319,289,M27,170,342,2.77,2.55,595700,20940,27210,20.73,385.8,196200,8645,13380,11.9,345.6,62290,96080,,,,,,,,,,
,,,,,,,,,,,,,,,,,,,,,,,,,,,,,,,,,,,,
Profili HP,G,h,b,tw,tf,r,A,hi,d,Ø,pmin,pmax,AL,AG,Iy,Wel.y,Wpl.y,iy,Avz,Iz,Wel.z,Wpl.z, iz,ss,It,Iwx10-3,,,,,,,,,,
,[kg/m], [mm],[mm], [mm], [mm], [mm],[cm2], [mm], [mm],, [mm], [mm],[m2/m], [m2/t],[cm4] ,[cm3],[cm3],[cm],[cm2],[cm4] ,[cm3],[cm3],[cm], [mm],[cm4] ,[cm6] ,,,,,,,,,,
,103,307,306,14,14,27,131,279,225,M27,124,204,1.76,17.15,22050,1437,1611,12.97,54.84,6704,438.2,677.3,7.15,73.6,142.3,1435,,,,,,,,,,
HP 200 x 43,42.5,200,205,9,9,10,54.14,182,162,M27,100,106,1.18,27.88,3888,388.8,434.5,8.47,19.85,1294,126.2,193.4,4.89,38.72,17.68,117.9,,,,,,,,,,
HP 200 x 53,53.5,204,207,11.3,11.3,10,68.14,181.4,161.4,M27,104,108,1.2,22.36,4977,488,551.3,8.55,24.89,1673,161.7,248.6,4.96,45.62,34.2,155.1,,,,,,,,,,
HP 220 x 57,57.2,210,224.5,11,11,18,72.85,188,152,M27,102,122,1.27,22.12,5729,545.6,613.7,8.87,28.63,2079,185.2,285.5,5.34,54.09,44.18,205.4,,,,,,,,,,
HP 260 x 75,75,249,265,12,12,24,95.54,225,177,M27,116,164,1.49,19.9,10650,855.1,958.5,10.56,39.14,3733,281.7,435.1,6.25,64.12,79.29,522.6,,,,,,,,,,
HP 260 x 87,87.3,253,267,14,14,24,111.2,225,177,M27,118,166,1.5,17.24,12590,994.9,1124,10.64,45.12,4455,333.7,516.2,6.33,70.12,115.7,634.2,,,,,,,,,,
HP 305 x 79,78.4,299.3,306.4,11,11,15.2,99.9,277.3,246.9,M27,102,204,1.78,22.65,16331,1091,1210,12.79,37.04,5278,344.5,526.5,7.27,50.81,50.64,1096,,,,,,,,,,
HP 305 x 88,88,301.7,307.8,12.4,12.3,15.2,112.1,277.1,246.7,M27,104,206,1.78,20.28,18420,1221,1360,12.82,41.61,5984,388.9,595.2,7.31,54.81,70.05,1252,,,,,,,,,,
HP 305 x 95,94.9,303.7,308.7,13.3,13.3,15.2,121,277.1,246.7,M27,106,206,1.79,18.85,20040,1320,1474,12.87,44.65,6529,423,648,7.35,57.71,86.69,1375,,,,,,,,,,
HP 305 x 110,110,307.9,310.7,15.3,15.4,15.2,140.1,277.1,246.7,M27,108,208,1.8,16.39,23560,1531,1720,12.97,51.42,7709,496.2,761.7,7.4,63.91,131.4,1647,,,,,,,,,,
HP 305 x 126,126,312.3,312.9,17.5,17.6,15.2,160.6,277.1,246.7,M27,110,210,1.82,14.4,27410,1755,1986,13.06,58.91,9002,575.4,885.2,7.49,70.51,194.3,1951,,,,,,,,,,
HP 305 x 149,149,318.5,316,20.6,20.7,15.2,189.9,277.1,246.7,M27,114,214,1.83,12.3,33070,2076,2370,13.2,69.62,10910,690.5,1066,7.58,79.81,314.2,2414,,,,,,,,,,
HP 305 x 180,180,326.7,319.7,24.8,24.8,15.2,229.3,277.1,246.7,M27,118,218,1.86,10.31,40970,2508,2897,13.37,84.39,13550,847.4,1313,7.69,92.21,541.7,3077,,,,,,,,,,
HP 305 x 186,186,328.3,320.9,25.5,25.6,15.2,236.9,277.1,246.7,M27,118,218,1.86,10.02,42610,2596,3003,13.41,86.95,14140,881.5,1366,7.73,94.51,593.7,3230,,,,,,,,,,
HP 305 x 223,223,337.9,325.7,30.3,30.4,15.2,284,277.1,246.7,M27,124,220,1.89,8.49,52700,3119,3653,13.62,104.4,17580,1079,1680,7.87,108.9,998.4,4138,,,,,,,,,,
HP 320 x 88,88.5,303,304,12,12,27,112.7,279,225,M27,122,202,1.75,19.8,18740,1237,1379,12.9,47.66,5634,370.6,572.1,7.07,67.6,99.04,1190,,,,,,,,,,
HP 320 x 103,103,307,306,14,14,27,131,279,225,M27,124,204,1.76,17.15,22050,1437,1611,12.97,54.84,6704,438.2,677.3,7.15,73.6,142.3,1435,,,,,,,,,,
HP 320 x 117,117,311,308,16,16,27,149.5,279,225,M27,126,206,1.78,15.13,25480,1638,1849,13.06,62.1,7815,507.5,785.5,7.23,79.6,198.5,1695,,,,,,,,,,
HP 320 x 147,147,319,312,20,20,27,186.9,279,225,M27,130,210,1.8,12.27,32670,2048,2338,13.22,76.86,10160,651.3,1011,7.37,91.6,357.1,2263,,,,,,,,,,
HP 320 x 184,184,329,317,25,25,27,234.5,279,225,M27,136,216,1.83,9.94,42340,2574,2979,13.44,95.76,13330,841.2,1311,7.54,106.6,662,3067,,,,,,,,,,
HP 360 x 84,84.3,340,367,10,10,15.2,107.4,320,289.6,M27,98,262,2.1,24.93,23210,1365,1498,14.7,38.02,8243,449.2,683.1,8.76,47.81,44.41,2243,,,,,,,,,,
HP 360 x 109,109,346.4,371,12.8,12.9,15.2,138.7,320.6,290.2,M27,102,266,2.13,19.51,30630,1769,1956,14.86,48.59,10990,592.3,902.9,8.9,56.41,90.73,3053,,,,,,,,,,
HP 360 x 133,133,352,373.8,15.6,15.7,15.2,169.4,320.6,290.2,M27,104,268,2.14,16.11,37980,2158,2406,14.98,59.22,13680,731.9,1119,8.99,64.81,160.7,3864,,,,,,,,,,
HP 360 x 152,152,356.4,376,17.8,17.9,15.2,193.7,320.6,290.2,M27,106,270,2.16,14.18,43970,2468,2767,15.07,67.68,15880,844.5,1293,9.05,71.41,236.4,4543,,,,,,,,,,
HP 360 x 174,174,361.4,378.5,20.3,20.4,15.2,221.5,320.6,290.2,M27,110,272,2.17,12.48,51010,2823,3186,15.18,77.41,18460,975.6,1497,9.13,78.91,348.5,5360,,,,,,,,,,
HP 360 x 180,180,362.9,378.8,21.1,21.1,15.2,229.5,320.7,290.3,M27,110,272,2.17,12.06,53040,2923,3306,15.2,80.52,19140,1011,1552,9.13,81.11,387.2,5583,,,,,,,,,,
HP 400 x 122,122,348,390,14,14,15,155.9,320,290,M27,102,284,2.2,17.99,34770,1998,2212,14.93,52.89,13850,710.3,1082,9.42,59.57,118.7,3860,,,,,,,,,,
HP 400 x 140,140,352,392,16,16,15,178.6,320,290,M27,104,286,2.21,15.8,40270,2288,2547,15.02,60.49,16080,820.2,1252,9.49,65.57,175.3,4534,,,,,,,,,,
HP 400 x 158,158,356,394,18,18,15,201.4,320,290,M27,106,288,2.23,14.08,45940,2581,2888,15.1,68.17,18370,932.4,1425,9.55,71.57,248,5241,,,,,,,,,,
HP 400 x 176,176,360,396,20,20,15,224.3,320,290,M27,108,290,2.24,12.71,51770,2876,3235,15.19,75.93,20720,1047,1603,9.61,77.57,338.9,5982,,,,,,,,,,
HP 400 x 194,194,364,398,22,22,15,247.5,320,290,M27,110,292,2.25,11.58,57760,3174,3588,15.28,83.77,23150,1163,1784,9.67,83.57,450.2,6759,,,,,,,,,,
HP 400 x 213,213,368,400,24,24,15,270.7,320,290,M27,112,294,2.26,10.64,63920,3474,3947,15.37,91.69,25640,1282,1969,9.73,89.57,584.2,7574,,,,,,,,,,
HP 400 x 231,231,372,402,26,26,15,294.2,320,290,M27,114,296,2.27,9.85,70260,3777,4312,15.45,99.69,28200,1403,2158,9.79,95.57,743.1,8425,,,,,,,,,,
,,,,,,,,,,,,,,,,,,,,,,,,,,,,,,,,,,,,
Profili ad L a lati uguali,G,h = b,t,r1,r2,A,zs=ys,v,u1,u2,AL,AG,Iy=Iz,"Wel.y
Wel.z",iy=iz,Iu,iu,Iv,iv, Iyz,Ø,e min,e max,A net,,,,,,,,,,,,
,[kg/m], [mm], [mm], [mm], [mm],[cm2], [cm], [cm], [cm], [cm],[m2/m], [m2/t],[cm4],[cm3],[cm],[cm4],[cm],[cm4],[cm],[cm4],, [mm], [mm],[cm2],,,,,,,,,,,,
,12.2,100,8,12,6,15.51,2.74,7.07,3.87,3.52,0.39,32,144.8,19.94,3.06,230.2,3.85,59.47,1.96,-85.37,M27,48,53,13.11,,,,,,,,,,,,
L 100 x 100 x 8,12.2,100,8,12,6,15.51,2.74,7.07,3.87,3.52,0.39,32,144.8,19.94,3.06,230.2,3.85,59.47,1.96,-85.37,M27,48,53,13.11,,,,,,,,,,,,
L 100 x 100 x 10,15,100,10,12,6,19.2,2.82,7.07,3.99,3.54,0.39,25.92,176.7,24.62,3.04,280.7,3.83,72.65,1.95,-104,M27,50,53,16.15,,,,,,,,,,,,
L 100 x 100 x 12,17.8,100,12,12,6,22.71,2.9,7.07,4.11,3.57,0.39,21.86,206.7,29.12,3.02,328,3.8,85.42,1.94,-121.3,M27,52,53,19.11,,,,,,,,,,,,
L 110 x 110 x 10,16.6,110,10,13,6.5,21.18,3.06,7.78,4.33,3.88,0.429,25.79,238,29.99,3.35,378.2,4.23,97.72,2.15,-140.3,M27,50,62,18.18,,,,,,,,,,,,
L 110 x 110 x 12,19.7,110,12,13,6.5,25.14,3.15,7.78,4.45,3.91,0.429,21.73,279.1,35.54,3.33,443.3,4.2,115,2.14,-164.1,M27,52,62,21.54,,,,,,,,,,,,
L 120 x 120 x 10,18.2,120,10,13,6.5,23.18,3.31,8.49,4.69,4.24,0.469,25.76,312.9,36.03,3.67,497.6,4.63,128.3,2.35,-184.6,M27,50,72,20.18,,,,,,,,,,,,
L 120 x 120 x 11,19.9,120,11,13,6.5,25.37,3.36,8.49,4.75,4.25,0.469,23.54,340.6,39.41,3.66,541.5,4.62,139.8,2.35,-200.9,M27,51,72,22.07,,,,,,,,,,,,
L 120 x 120 x 12,21.6,120,12,13,6.5,27.54,3.4,8.49,4.8,4.26,0.469,21.69,367.7,42.73,3.65,584.3,4.61,151,2.34,-216.6,M27,52,72,23.94,,,,,,,,,,,,
L 120 x 120 x 13,23.3,120,13,13,6.5,29.69,3.44,8.49,4.86,4.28,0.469,20.12,394,46.01,3.64,625.9,4.59,162.2,2.34,-231.8,M27,53,72,25.79,,,,,,,,,,,,
L 120 x 120 x 15,26.6,120,15,13,6.5,33.93,3.51,8.49,4.97,4.31,0.469,17.6,444.9,52.43,3.62,705.6,4.56,184.2,2.33,-260.7,M27,55,72,29.43,,,,,,,,,,,,
L 130 x 130 x 12,23.5,130,12,14,7,30,3.64,9.19,5.15,4.6,0.508,21.59,472.2,50.44,3.97,750.6,5,193.7,2.54,-278.5,M27,52,82,26.37,,,,,,,,,,,,
L 140 x 140 x 10,21.4,140,10,15,7.5,27.24,3.79,9.9,5.37,4.93,0.547,25.59,504.4,49.43,4.3,802,5.43,206.8,2.76,-297.6,M27,51,92,24.24,,,,,,,,,,,,
L 140 x 140 x 13,27.4,140,13,15,7.5,34.95,3.92,9.9,5.55,4.96,0.547,19.94,638.5,63.37,4.27,1015,5.39,262,2.74,-376.6,M27,54,92,31.05,,,,,,,,,,,,
L 150 x 150 x 10,23,150,10,16,8,29.27,4.03,10.61,5.71,5.28,0.586,25.51,624,56.91,4.62,992,5.82,256,2.96,-368,M27,52,102,26.27,,,,,,,,,,,,
L 150 x 150 x 12,27.3,150,12,16,8,34.83,4.12,10.61,5.83,5.29,0.586,21.44,736.9,67.75,4.6,1172,5.8,302,2.94,-434.9,M27,54,102,31.23,,,,,,,,,,,,
L 150 x 150 x 14,31.6,150,14,16,8,40.31,4.21,10.61,5.95,5.32,0.586,18.53,845.4,78.33,4.58,1344,5.77,346.9,2.93,-498.5,M27,56,102,36.11,,,,,,,,,,,,
L 150 x 150 x 15,33.8,150,15,16,8,43.02,4.25,10.61,6.01,5.33,0.586,17.36,898.1,83.52,4.57,1427,5.76,368.9,2.93,-529.1,M27,57,102,38.52,,,,,,,,,,,,
L 150 x 150 x 18,40.1,150,18,16,8,51.03,4.37,10.61,6.17,5.37,0.586,14.63,1050,98.74,4.54,1666,5.71,433.8,2.92,-616.2,M27,61,102,45.63,,,,,,,,,,,,
L 160 x 160 x 14,33.9,160,14,17,8.5,43.15,4.45,11.31,6.29,5.66,0.625,18.46,1034,89.5,4.89,1644,6.17,423.8,3.13,-610,M27,57,111,38.95,,,,,,,,,,,,
L 160 x 160 x 15,36.2,160,15,17,8.5,46.06,4.49,11.31,6.35,5.67,0.625,17.3,1099,95.5,4.88,1747,6.16,450.8,3.13,-648,M27,58,111,41.56,,,,,,,,,,,,
L 160 x 160 x 16,38.4,160,16,17,8.5,48.95,4.53,11.31,6.41,5.69,0.625,16.28,1163,101.4,4.87,1848,6.14,477.6,3.12,-685.1,M27,60,111,44.15,,,,,,,,,,,,
L 160 x 160 x 17,40.7,160,17,17,8.5,51.82,4.57,11.31,6.46,5.7,0.625,15.37,1225,107.2,4.86,1947,6.13,504.1,3.12,-721.3,M27,61,111,46.72,,,,,,,,,,,,
L 180 x 180 x 13,35.7,180,13,18,9,45.46,4.9,12.73,6.93,6.35,0.705,19.74,1396,106.5,5.54,2221,6.99,571.6,3.55,-824.5,M27,57,131,41.56,,,,,,,,,,,,
L 180 x 180 x 14,38.3,180,14,18,9,48.79,4.94,12.73,6.99,6.36,0.705,18.4,1493,114.3,5.53,2375,6.98,611.3,3.54,-882,M27,58,131,44.59,,,,,,,,,,,,
L 180 x 180 x 15,40.9,180,15,18,9,52.1,4.98,12.73,7.05,6.37,0.705,17.23,1589,122,5.52,2527,6.96,650.5,3.53,-938,M27,59,131,47.6,,,,,,,,,,,,
L 180 x 180 x 16,43.5,180,16,18,9,55.39,5.02,12.73,7.1,6.38,0.705,16.2,1682,129.7,5.51,2675,6.95,689.4,3.53,-993,M27,61,131,50.59,,,,,,,,,,,,
L 180 x 180 x 17,46,180,17,18,9,58.66,5.06,12.73,7.16,6.4,0.705,15.3,1775,137.2,5.5,2822,6.94,727.8,3.52,-1047,M27,62,131,53.56,,,,,,,,,,,,
L 180 x 180 x 18,48.6,180,18,18,9,61.91,5.1,12.73,7.22,6.41,0.705,14.5,1866,144.7,5.49,2965,6.92,766,3.52,-1100,M27,63,131,56.51,,,,,,,,,,,,
L 180 x 180 x 19,51.1,180,19,18,9,65.14,5.14,12.73,7.27,6.42,0.705,13.78,1955,152.1,5.48,3106,6.91,803.8,3.51,-1151,M27,64,131,59.44,,,,,,,,,,,,
L 180 x 180 x 20,53.7,180,20,18,9,68.35,5.18,12.73,7.33,6.44,0.705,13.13,2043,159.4,5.47,3244,6.89,841.3,3.51,-1202,M27,65,131,62.35,,,,,,,,,,,,
L 200 x 200 x 15,45.6,200,15,18,9,58.1,5.48,14.14,7.75,7.08,0.785,17.2,2209,152.2,6.17,3516,7.78,903,3.94,-1306,M27,59,151,53.6,,,,,,,,,,,,
L 200 x 200 x 16,48.5,200,16,18,9,61.79,5.52,14.14,7.81,7.09,0.785,16.18,2341,161.7,6.16,3726,7.77,957,3.94,-1384,M27,61,151,56.99,,,,,,,,,,,,
L 200 x 200 x 17,51.4,200,17,18,9,65.46,5.56,14.14,7.87,7.1,0.785,15.27,2472,171.2,6.14,3932,7.75,1011,3.93,-1461,M27,62,151,60.36,,,,,,,,,,,,
L 200 x 200 x 18,54.3,200,18,18,9,69.11,5.6,14.14,7.93,7.12,0.785,14.46,2600,180.6,6.13,4135,7.74,1064,3.92,-1536,M27,63,151,63.71,,,,,,,,,,,,
L 200 x 200 x 19,57.1,200,19,18,9,72.74,5.64,14.14,7.98,7.13,0.785,13.74,2726,189.9,6.12,4335,7.72,1117,3.92,-1609,M27,64,151,67.04,,,,,,,,,,,,
L 200 x 200 x 20,59.9,200,20,18,9,76.35,5.68,14.14,8.04,7.15,0.785,13.09,2851,199.1,6.11,4532,7.7,1169,3.91,-1681,M27,65,151,70.35,,,,,,,,,,,,
L 200 x 200 x 21,62.8,200,21,18,9,79.94,5.72,14.14,8.09,7.16,0.785,12.5,2973,208.2,6.1,4725,7.69,1221,3.91,-1752,M27,66,151,73.64,,,,,,,,,,,,
L 200 x 200 x 22,65.6,200,22,18,9,83.51,5.76,14.14,8.15,7.18,0.785,11.97,3094,217.3,6.09,4915,7.67,1273,3.9,-1821,M27,67,151,76.91,,,,,,,,,,,,
L 200 x 200 x 23,68.3,200,23,18,9,87.06,5.8,14.14,8.2,7.19,0.785,11.48,3213,226.3,6.08,5102,7.66,1324,3.9,-1889,M27,68,151,80.16,,,,,,,,,,,,
L 200 x 200 x 24,71.1,200,24,18,9,90.59,5.84,14.14,8.26,7.21,0.785,11.03,3331,235.2,6.06,5286,7.64,1375,3.9,-1955,M27,69,151,83.39,,,,,,,,,,,,
L 200 x 200 x 25,73.9,200,25,18,9,94.1,5.88,14.14,8.31,7.23,0.785,10.62,3446,244,6.05,5467,7.62,1426,3.89,-2020,M27,70,151,86.6,,,,,,,,,,,,
L 200 x 200 x 26,76.6,200,26,18,9,97.59,5.91,14.14,8.36,7.25,0.785,10.24,3560,252.7,6.04,5645,7.61,1476,3.89,-2084,M27,71,151,89.79,,,,,,,,,,,,
L 250 x 250 x 20,75.6,250,20,18,9,96.35,6.93,17.68,9.81,8.91,0.985,13.02,5743,317.9,7.72,9144,9.74,2341,4.93,-3401,M27,40,240,96.35,,,,,,,,,,,,
L 250 x 250 x 21,79.2,250,21,18,9,100.94,6.97,17.68,9.86,8.93,0.985,12.43,5997,332.7,7.71,9548,9.73,2447,4.92,-3550,M27,41,246,100.94,,,,,,,,,,,,
L 250 x 250 x 22,82.8,250,22,18,9,105.51,7.01,17.68,9.92,8.94,0.985,11.89,6249,347.4,7.7,9946,9.71,2551,4.92,-3697,M27,42,246,105.51,,,,,,,,,,,,
L 250 x 250 x 23,86.4,250,23,18,9,110.06,7.05,17.68,9.97,8.96,0.985,11.4,6497,362,7.68,10339,9.69,2655,4.91,-3842,M27,43,246,110.06,,,,,,,,,,,,
L 250 x 250 x 24,90,250,24,18,9,114.59,7.09,17.68,10.03,8.98,0.985,10.95,6743,376.5,7.67,10727,9.68,2759,4.91,-3984,M27,44,246,114.59,,,,,,,,,,,,
L 250 x 250 x 25,93.5,250,25,18,9,119.1,7.13,17.68,10.08,8.99,0.985,10.53,6986,390.9,7.66,11110,9.66,2861,4.9,-4124,M27,45,246,119.1,,,,,,,,,,,,
L 250 x 250 x 26,97,250,26,18,9,123.59,7.17,17.68,10.13,9.01,0.985,10.15,7226,405.2,7.65,11488,9.64,2963,4.9,-4262,M27,46,246,123.59,,,,,,,,,,,,
L 250 x 250 x 27,100.5,250,27,18,9,128.06,7.2,17.68,10.19,9.03,0.985,9.79,7463,419.3,7.63,11861,9.62,3065,4.89,-4398,M27,47,246,128.06,,,,,,,,,,,,
L 250 x 250 x 28,104,250,28,18,9,132.51,7.24,17.68,10.24,9.04,0.985,9.47,7697,433.4,7.62,12229,9.61,3166,4.89,-4532,M27,48,246,132.51,,,,,,,,,,,,
L 203 x 203 x 19,57.9,203,19,8,4,73.6,5.76,14.35,8.15,7.38,0.805,13.94,2881,198.2,6.26,4588,7.9,1174,3.99,-1707,M27,64,155,67.9,,,,,,,,,,,,
L 203 x 203 x 22.2,67,203,22.2,8,4,85.27,5.88,14.35,8.32,7.44,0.805,12.03,3293,228.4,6.21,5236,7.84,1350,3.98,-1943,M27,67,155,78.61,,,,,,,,,,,,
L 203 x 203 x 25.4,75.9,203,25.4,8,4,96.74,6,14.35,8.48,7.5,0.805,10.6,3686,257.7,6.17,5850,7.78,1522,3.97,-2164,M27,70,155,89.12,,,,,,,,,,,,
L 203 x 203 x 28.6,84.7,203,28.6,8,4,108.01,6.11,14.35,8.65,7.57,0.805,9.5,4062,286.3,6.13,6432,7.72,1692,3.96,-2370,M27,73,155,99.43,,,,,,,,,,,,
,,,,,,,,,,,,,,,,,,,,,,,,,,,,,,,,,,,,
,,,,,,,,,,,,,,,,,,,,,,,,,,,,,,,,,,,,
Profili ad L a lati disuguali,G,h,b,t,r1,r2,A,zs,ys,v1,v2,u1,u2,u 3,AL,AG,Iy,Wel.y,iy,Iz,Wel.z,iz,Iu,iu,Iv,iv, Iyz,a,Ala lunga,,,,Ala corta,,,
,,,,,,,,,,,,,,,,,,,,,,,,,,,,,Øz,ez.min,ez.max,Az.net,Øy,ey.min,ey.max,Ay.net
,[kg/m], [mm], [mm], [mm], [mm], [mm],[cm2],[cm],[cm],[cm],[cm],[cm],[cm],[cm],[m2/m], [m2/t],[cm4] ,[cm3],[cm],[cm4] ,[cm3],[cm],[cm4] ,[cm],[cm4] ,[cm],[cm4] ,[°],, [mm], [mm],[cm2],, [mm], [mm],[cm2]
,12.2,120,80,8,11,5.5,15.49,3.83,1.87,8.23,5.97,3.25,4.19,2.09,0.391,32.12,225.7,27.63,3.82,80.76,13.17,2.28,260,4.1,46.39,1.73,-78.5,23.65,M27,48,72,13.09,M16,38,51,14.05
L 120 x 80 x 8,12.2,120,80,8,11,5.5,15.49,3.83,1.87,8.23,5.97,3.25,4.19,2.09,0.391,32.12,225.7,27.63,3.82,80.76,13.17,2.28,260,4.1,46.39,1.73,-78.5,23.65,M27,48,72,13.09,M16,38,51,14.05
L 120 x 80 x 10,15,120,80,10,11,5.5,19.13,3.92,1.95,8.19,6.01,3.35,4.17,2.15,0.391,26.01,275.5,34.1,3.8,98.11,16.21,2.26,317,4.07,56.6,1.72,-95.34,23.53,M27,50,72,16.13,M16,40,51,17.33
L 120 x 80 x 12,17.8,120,80,12,11,5.5,22.69,4,2.03,8.14,6.04,3.45,4.16,2.2,0.391,21.93,322.8,40.37,3.77,114.33,19.14,2.24,370.7,4.04,66.46,1.71,-110.8,23.37,M27,52,72,19.09,M16,42,51,20.53
L 130 x 65 x 8,11.8,130,65,8,11,5.5,15.09,4.56,1.37,8.51,5.71,2.48,3.82,1.39,0.381,32.13,262.5,31.1,4.17,44.77,8.72,1.72,278.6,4.3,28.72,1.38,-61.25,14.68,M27,48,82,12.69,M12,35,42,13.97
L 130 x 65 x 10,14.6,130,65,10,11,5.5,18.63,4.65,1.45,8.44,5.77,2.57,3.78,1.46,0.381,26.02,320.5,38.39,4.15,54.2,10.73,1.71,339.6,4.27,35.02,1.37,-73.99,14.53,M27,50,82,15.63,M12,37,42,17.23
L 150 x 90 x 10,18.2,150,90,10,12,6,23.15,5,2.04,10.1,7.07,3.61,4.97,2.2,0.47,25.84,533.1,53.29,4.8,146.1,20.98,2.51,591.3,5.05,87.93,1.95,-160.9,19.87,M27,50,102,20.15,M24,47,49,20.55
L 150 x 90 x 11,19.9,150,90,11,12,6,25.34,5.04,2.08,10.07,7.09,3.66,4.95,2.23,0.47,23.61,580.7,58.3,4.79,158.7,22.91,2.5,643.7,5.04,95.71,1.94,-174.7,19.81,M27,51,102,22.04,M24,48,49,22.48
L 150 x 100 x 10,19,150,100,10,12,6,24.15,4.81,2.34,10.27,7.48,4.08,5.25,2.64,0.49,25.83,552.6,54.23,4.78,198.5,25.92,2.87,637.3,5.14,113.8,2.17,-192.8,23.72,M27,50,102,21.15,M27,50,53,21.15
L 150 x 100 x 12,22.5,150,100,12,12,6,28.71,4.9,2.42,10.23,7.52,4.18,5.23,2.7,0.49,21.72,650.5,64.38,4.76,232.6,30.69,2.85,749.3,5.11,133.9,2.16,-225.8,23.61,M27,52,102,25.11,M27,52,53,25.11
L 150 x 100 x 14,26.1,150,100,14,12,6,33.19,4.98,2.5,10.19,7.55,4.28,5.22,2.75,0.49,18.79,744.4,74.27,4.74,264.9,35.32,2.82,855.9,5.08,153.4,2.15,-256.8,23.48,M27,54,102,28.99,M24,51,59,29.55
L 160 x 80 x 10,18.2,160,80,10,13,6.5,23.18,5.63,1.69,10.46,7.04,3.06,4.7,1.73,0.469,25.76,611.3,58.94,5.14,104.4,16.55,2.12,648.7,5.29,67.01,1.7,-142.7,14.69,M27,50,111,20.18,M16,40,51,21.38
L 160 x 80 x 12,21.6,160,80,12,13,6.5,27.54,5.72,1.77,10.4,7.1,3.15,4.66,1.8,0.469,21.69,719.5,69.98,5.11,122,19.59,2.1,762.8,5.26,78.77,1.69,-166.5,14.57,M27,52,111,23.94,M16,42,51,25.38
L 200 x 100 x 10,23,200,100,10,15,7.5,29.24,6.93,2.01,13.15,8.74,3.72,5.94,2.09,0.587,25.58,1219,93.24,6.46,210.3,26.33,2.68,1294,6.65,134.5,2.14,-286.8,14.82,M27,54,150,26.24,M27,51,53,26.24
L 200 x 100 x 12,27.3,200,100,12,15,7.5,34.8,7.03,2.1,13.08,8.81,3.82,5.89,2.17,0.587,21.49,1440,111,6.43,247.2,31.28,2.67,1529,6.63,158.5,2.13,-337.3,14.74,M27,54,150,31.2,M27,53,53,31.2
L 200 x 100 x 14,31.6,200,100,14,15,7.5,40.28,7.12,2.18,13.01,8.86,3.91,5.85,2.24,0.587,18.57,1654,128.4,6.41,282.2,36.08,2.65,1755,6.6,181.7,2.12,-384.8,14.65,M27,55,151,36.08,M24,52,59,36.64
,,,,,,,,,,,,,,,,,,,,,,,,,,,,,,,,,,,,
,,,,,,,,,,,,,,,,,,,,,,,,,,,,,,,,,,,,
Profili UPE,G,h,b,tw,tf,r,A,hi,d,Ø,emin,emax,AL,AG,Iy,Wel.y,Wpl.y,iy,Avz,Iz,Wel.z,Wpl.z, iz,ss,It,Iwx10-3,ys,ym,,,,,,,,
,[kg/m], [mm], [mm], [mm], [mm], [mm],[cm2], [mm], [mm],, [mm], [mm],[m2/m], [m2/t],[cm4] ,[cm3],[cm3],[cm],[cm2],[cm4] ,[cm3],[cm3],[cm], [mm],[cm4] ,[cm6],[cm],[cm],,,,,,,,
,72.2,400,115,13.5,18,18,91.9,364,328,M 27,57,70,1.22,16.87,20980,1049,1263,15.11,56.2,1045,122.6,191.4,3.37,42,79.14,259,2.98,6.06,,,,,,,,
UPE 80,7.9,80,50,4,7,10,10.1,66,46,-,-,-,0.34,43.45,107.2,26.8,31.23,3.26,4.05,25.41,7.98,14.28,1.59,16.9,1.47,0.22,1.82,3.71,,,,,,,,
UPE 100,9.82,100,55,4.5,7.5,10,12.5,85,65,M 12,35,36,0.4,41,206.9,41.37,48.01,4.07,5.34,38.21,10.63,19.34,1.75,17.9,2.01,0.53,1.91,3.93,,,,,,,,
UPE 120,12.1,120,60,5,8,12,15.4,104,80,M 12,35,41,0.46,37.98,363.5,60.58,70.33,4.86,7.18,55.4,13.79,25.28,1.9,20,2.9,1.12,1.98,4.12,,,,,,,,
UPE 140,14.5,140,65,5,9,12,18.4,122,98,M 16,35,38,0.52,35.95,599.5,85.64,98.84,5.71,8.25,78.7,18.19,33.22,2.07,21,4.05,2.2,2.17,4.54,,,,,,,,
UPE 160,17,160,70,5.5,9.5,12,21.7,141,117,M 16,36,43,0.58,34.01,911.1,113.9,131.6,6.48,10.04,106.8,22.58,41.49,2.22,22,5.2,3.96,2.27,4.76,,,,,,,,
UPE 180,19.7,180,75,5.5,10.5,12,25.1,159,135,M 16,36,48,0.64,32.4,1353,150.4,173,7.34,11.2,143.7,28.56,52.3,2.39,23,6.99,6.81,2.47,5.19,,,,,,,,
UPE 200,22.8,200,80,6,11,13,29,178,152,M 20,46,47,0.7,30.6,1909,190.9,220.1,8.11,13.5,187.3,34.43,63.28,2.54,24.6,8.89,11,2.56,5.41,,,,,,,,
UPE 220,26.6,220,85,6.5,12,13,33.9,196,170,M 22,47,49,0.76,28.43,2682,243.9,281.5,8.9,15.81,246.4,42.51,78.25,2.7,26.1,12.05,17.61,2.7,5.7,,,,,,,,
UPE 240,30.2,240,90,7,12.5,15,38.5,215,185,M 24,47,51,0.81,26.89,3599,299.9,346.9,9.67,18.77,310.9,50.08,92.18,2.84,28.3,15.14,26.42,2.79,5.91,,,,,,,,
UPE 270,35.2,270,95,7.5,13.5,15,44.8,243,213,M 27,48,50,0.89,25.34,5255,389.2,451.1,10.83,22.23,401,60.69,111.6,2.99,29.8,19.91,43.55,2.89,6.14,,,,,,,,
UPE 300,44.4,300,100,9.5,15,15,56.6,270,240,M 27,50,55,0.97,21.78,7823,521.5,613.4,11.76,30.29,537.7,75.58,136.6,3.08,33.3,31.52,72.66,2.89,6.03,,,,,,,,
UPE 330,53.2,330,105,11,16,18,67.8,298,262,M 27,54,60,1.04,19.6,11010,667.1,791.9,12.74,38.81,681.5,89.66,156.2,3.17,37.5,45.18,111.8,2.9,6,,,,,,,,
UPE 360,61.2,360,110,12,17,18,77.9,326,290,M 27,55,65,1.12,18.32,14830,823.6,982.3,13.79,45.61,843.7,105.1,177.8,3.29,39.5,58.49,166.4,2.97,6.12,,,,,,,,
UPE 400,72.2,400,115,13.5,18,18,91.9,364,328,M 27,57,70,1.22,16.87,20980,1049,1263,15.11,56.2,1045,122.6,191.4,3.37,42,79.14,259,2.98,6.06,,,,,,,,
,,,,,,,,,,,,,,,,,,,,,,,,,,,,,,,,,,,,
Proili UPN,G,h,b,tw,tf,r1,r2,A,d,Ø,emin,emax,AL,AG,Iy,Wel.y,Wpl.y,iy,Avz,Iz,Wel.z,Wpl.z, iz,ss,It,Iwx10-3,ys,ym,,,,,,,,
,[kg/m], [mm], [mm], [mm], [mm], [mm], [mm],[cm2], [mm],, [mm], [mm],[m2/m], [m2/t],[cm4] ,[cm3],[cm3],[cm],[cm2],[cm4] ,[cm3],[cm3],[cm], [mm],[cm4] ,[cm6],[cm],[cm],,,,,,,,
,71.8,400,110,14,18,18,9,91.5,324,M27,61,62,1.182,16.46,20350,1020,1240,14.9,58.55,846,102,190,3.04,44,81.6,221,2.65,5.11,,,,,,,,
UPN 100,10.6,100,50,6,8.5,8.5,4.5,13.5,64,-,-,-,0.372,35.1,206,41.2,49,3.91,6.46,29.3,8.49,16.2,1.47,20.3,2.81,0.41,1.55,2.93,,,,,,,,
UPN 120,13.4,120,55,7,9,9,4.5,17,82,-,-,-,0.434,32.52,364,60.7,72.6,4.62,8.8,43.2,11.1,21.2,1.59,22.2,4.15,0.9,1.6,3.03,,,,,,,,
UPN 140,16,140,60,7,10,10,5,20.4,98,M12,33,37,0.489,30.54,605,86.4,103,5.45,10.41,62.7,14.8,28.3,1.75,23.9,5.68,1.8,1.75,3.37,,,,,,,,
UPN 160,18.8,160,65,7.5,10.5,10.5,5.5,24,115,M12,34,42,0.546,28.98,925,116,138,6.21,12.6,85.3,18.3,35.2,1.89,25.3,7.39,3.26,1.84,3.56,,,,,,,,
UPN 180,22,180,70,8,11,11,5.5,28,133,M16,38,41,0.611,27.8,1350,150,179,6.95,15.09,114,22.4,42.9,2.02,26.7,9.55,5.57,1.92,3.75,,,,,,,,
UPN 200,25.3,200,75,8.5,11.5,11.5,6,32.2,151,M16,39,46,0.661,26.15,1910,191,228,7.7,17.71,148,27,51.8,2.14,28.1,11.9,9.07,2.01,3.94,,,,,,,,
UPN 220,29.4,220,80,9,12.5,12.5,6.5,37.4,167,M16,40,51,0.718,24.46,2690,245,292,8.48,20.62,197,33.6,64.1,2.3,30.3,16,14.6,2.14,4.2,,,,,,,,
UPN 240,33.2,240,85,9.5,13,13,6.5,42.3,184,M20,46,50,0.775,23.34,3600,300,358,9.22,23.71,248,39.6,75.7,2.42,31.7,19.7,22.1,2.23,4.39,,,,,,,,
UPN 260,37.9,260,90,10,14,14,7,48.3,200,M22,50,52,0.834,22,4820,371,442,9.99,27.12,317,47.7,91.6,2.56,33.9,25.5,33.3,2.36,4.66,,,,,,,,
UPN 280,41.8,280,95,10,15,15,7.5,53.3,216,M22,52,57,0.89,21.27,6280,448,532,10.9,29.28,399,57.2,109,2.74,35.6,31,48.5,2.53,5.02,,,,,,,,
UPN 300,46.2,300,100,10,16,16,8,58.8,232,M24,55,59,0.95,20.58,8030,535,632,11.7,31.77,495,67.8,130,2.9,37.3,37.4,69.1,2.7,5.41,,,,,,,,
UPN 320,59.5,320,100,14,17.5,17.5,8.75,75.8,246,M22,58,62,0.982,16.5,10870,679,826,12.1,47.11,597,80.6,152,2.81,43,66.7,96.1,2.6,4.82,,,,,,,,
UPN 350,60.6,350,100,14,16,16,8,77.3,282,M22,56,62,1.047,17.25,12840,734,918,12.9,50.84,570,75,143,2.72,40.7,61.2,114,2.4,4.45,,,,,,,,
UPN 380,63.1,380,102,13.5,16,16,8,80.4,313,M24,59,60,1.11,17.59,15760,829,1014,14,53.23,615,78.7,148,2.77,40.3,59.1,146,2.38,4.58,,,,,,,,
UPN 400,71.8,400,110,14,18,18,9,91.5,324,M27,61,62,1.182,16.46,20350,1020,1240,14.9,58.55,846,102,190,3.04,44,81.6,221,2.65,5.11,,,,,,,,
,,,,,,,,,,,,,,,,,,,,,,,,,,,,,,,,,,,,
Profili IFB,,bp x tp,,Type,G,heff,b,tw,tf,r,A,Iy,Wel.y,z1,z2,,,,,,,,,,,,,,,,,,,,,
,,,,,[kg/m],[mm],[mm],[mm],[mm],[mm],[cm2],[cm4] ,[cm3],[cm],[cm],,,,,,,,,,,,,,,,,,,,,
,190,x,30,B,123.8,190,394,18,18,15,157.7,11435,984,9.2,14,,,,,,,,,,,,,,,,,,,,,
1/2 IPE 400,380,x,10,A,63,200,180,8.6,13.5,21,80.2,6558,542,8.9,12.1,,,,,,,,,,,,,,,,,,,,,
1/2 IPE O 400,390,x,12,A,74.6,202,182,9.7,15.5,21,95,7893,627,8.8,12.6,,,,,,,,,,,,,,,,,,,,,
1/2 IPE 450,390,x,12,A,75.5,225,190,9.4,14.6,21,96.2,9857,707,9.8,13.9,,,,,,,,,,,,,,,,,,,,,
1/2 IPE O 450,400,x,12,A,83.9,228,192,11,17.6,21,106.8,11230,832,10.5,13.5,,,,,,,,,,,,,,,,,,,,,
1/2 IPE 500,400,x,12,A,83,250,200,10.2,16,21,105.8,13332,895,11.3,14.9,,,,,,,,,,,,,,,,,,,,,
1/2 IPE O 500,410,x,15,A,101.9,253,202,12,19,21,129.9,16701,1071,11.2,15.6,,,,,,,,,,,,,,,,,,,,,
1/2 IPE 550,410,x,15,A,101,275,210,11.1,17.2,24,128.7,19499,1145,12,17,,,,,,,,,,,,,,,,,,,,,
1/2 IPE O 550,420,x,15,A,110.7,278,212,12.7,20.2,24,141,21826,1318,12.7,16.6,,,,,,,,,,,,,,,,,,,,,
1/2 IPE 600,420,x,15,A,110.7,300,220,12,19,24,141,25375,1419,13.6,17.9,,,,,,,,,,,,,,,,,,,,,
1/2 IPE O 600,430,x,15,A,127.9,305,224,15,24,24,162.9,29831,1747,14.9,17.1,,,,,,,,,,,,,,,,,,,,,
1/2 IPE O 600,430,x,20,A,144.7,305,224,15,24,24,184.4,34207,1815,13.7,18.8,,,,,,,,,,,,,,,,,,,,,
1/2 HE 220 M,430,x,15,A,109.3,120,226,15.5,26,18,139.2,4209,581,6.3,7.2,,,,,,,,,,,,,,,,,,,,,
1/2 HE 240 M,450,x,20,A,149,135,248,18,32,21,189.8,7323,872,7.1,8.4,,,,,,,,,,,,,,,,,,,,,
1/2 HE 260 B,460,x,12,A,89.8,130,260,10,17.5,24,114.4,4252,553,6.5,7.7,,,,,,,,,,,,,,,,,,,,,
1/2 HE 260 M,470,x,20,A,160,145,268,18,32.5,24,203.8,9088,1036,7.7,8.8,,,,,,,,,,,,,,,,,,,,,
1/2 HE 280 M,490,x,20,A,171.2,155,288,18.5,33,24,218.1,11111,1214,8.3,9.2,,,,,,,,,,,,,,,,,,,,,
1/2 HE 280 M,490,x,25,A,190.4,155,288,18.5,33,24,242.6,12740,1272,8,10,,,,,,,,,,,,,,,,,,,,,
1/2 HE 300 B,500,x,15,A,117.4,150,300,11,19,27,149.5,7483,820,7.4,9.1,,,,,,,,,,,,,,,,,,,,,
1/2 HE 300 M,510,x,25,A,219,170,310,21,39,27,279,17207,1676,9.2,10.3,,,,,,,,,,,,,,,,,,,,,
1/2 HE 320 B,500,x,15,A,122.2,160,300,11.5,20.5,27,155.7,8806,931,8,9.5,,,,,,,,,,,,,,,,,,,,,
1/2 HE 320 M,510,x,25,A,222.6,179.5,309,21,40,27,283.5,19393,1814,9.8,10.7,,,,,,,,,,,,,,,,,,,,,
1/2 HE 320 M,510,x,30,A,242.6,179.5,309,21,40,27,309,21737,1887,9.4,11.5,,,,,,,,,,,,,,,,,,,,,
1/2 HE 340 B,500,x,15,A,126,170,300,12,21.5,27,160.4,10173,1033,8.7,9.8,,,,,,,,,,,,,,,,,,,,,
1/2 HE 340 M,510,x,25,A,224,188.5,309,21,40,27,285.4,21503,1930,10.2,11.1,,,,,,,,,,,,,,,,,,,,,
1/2 HE 340 M,510,x,30,A,244.1,188.5,309,21,40,27,310.9,24062,2005,9.8,12,,,,,,,,,,,,,,,,,,,,,
1/2 HE 360 B,500,x,15,A,129.8,180,300,12.5,22.5,27,165.3,11661,1140,9.3,10.2,,,,,,,,,,,,,,,,,,,,,
1/2 HE 360 M,510,x,25,A,225.2,197.5,308,21,40,27,286.9,23691,2040,10.6,11.6,,,,,,,,,,,,,,,,,,,,,
1/2 HE 360 M,510,x,30,A,245.2,197.5,308,21,40,27,312.4,26468,2118,10.3,12.5,,,,,,,,,,,,,,,,,,,,,
1/2 HE 400 B,500,x,20,A,156.1,200,300,13.5,24,27,198.9,17420,1407,9.6,12.4,,,,,,,,,,,,,,,,,,,,,
1/2 HE 400 M,510,x,25,A,228,216,307,21,40,27,290.4,28579,2276,11.5,12.6,,,,,,,,,,,,,,,,,,,,,
1/2 HE 400 M,510,x,30,A,248,216,307,21,40,27,315.9,31840,2357,11.1,13.5,,,,,,,,,,,,,,,,,,,,,
1/2 HE 450 B,500,x,20,A,164.1,225,300,14,26,27,209,22963,1707,11,13.5,,,,,,,,,,,,,,,,,,,,,
1/2 HE 450 M,510,x,25,A,231.7,239,307,21,40,27,295.2,35397,2580,12.7,13.7,,,,,,,,,,,,,,,,,,,,,
1/2 HE 450 M,510,x,30,A,251.8,239,307,21,40,27,320.7,39324,2667,12.2,14.7,,,,,,,,,,,,,,,,,,,,,
1/2 HE 500 A,500,x,20,A,156,245,300,12,23,27,198.8,25945,1722,11.4,15.1,,,,,,,,,,,,,,,,,,,,,
1/2 HE 500 B,500,x,20,A,172.2,250,300,14.5,28,27,219.3,29448,2034,12.5,14.5,,,,,,,,,,,,,,,,,,,,,
1/2 HE 500 M,510,x,25,A,235.2,262,306,21,40,27,299.6,42929,2882,13.8,14.9,,,,,,,,,,,,,,,,,,,,,
1/2 HE 500 M,510,x,30,A,255.2,262,306,21,40,27,325.1,47572,2974,13.2,16,,,,,,,,,,,,,,,,,,,,,
1/2 HE 550 A,500,x,20,A,161.6,270,300,12.5,24,27,205.9,32357,1990,12.7,16.3,,,,,,,,,,,,,,,,,,,,,
1/2 HE 550 B,500,x,20,A,178.2,275,300,15,29,27,227,36480,2334,13.9,15.6,,,,,,,,,,,,,,,,,,,,,
1/2 HE 550 B,500,x,25,A,197.8,275,300,15,29,27,252,40972,2406,13,17,,,,,,,,,,,,,,,,,,,,,
1/2 HE 550 M,510,x,25,A,239.2,286,306,21,40,27,304.7,51691,3210,15,16.1,,,,,,,,,,,,,,,,,,,,,
1/2 HE 550 M,510,x,30,A,259.2,286,306,21,40,27,330.2,57160,3307,14.3,17.3,,,,,,,,,,,,,,,,,,,,,
1/2 HE 550 M,510,x,35,A,279.2,286,306,21,40,27,355.7,62184,3393,13.8,18.3,,,,,,,,,,,,,,,,,,,,,
1/2 HE 600 A,500,x,20,A,167.4,295,300,13,25,27,213.2,39636,2275,14.1,17.4,,,,,,,,,,,,,,,,,,,,,
1/2 HE 600 B,500,x,20,A,184.5,300,300,15.5,30,27,235,44424,2652,15.2,16.8,,,,,,,,,,,,,,,,,,,,,
1/2 HE 600 B,500,x,25,A,204.1,300,300,15.5,30,27,260,49851,2732,14.3,18.2,,,,,,,,,,,,,,,,,,,,,
1/2 HE 600 M,510,x,30,A,262.8,310,305,21,40,27,334.8,67584,3636,15.4,18.6,,,,,,,,,,,,,,,,,,,,,
1/2 HE 600 M,510,x,35,A,282.9,310,305,21,40,27,360.3,73398,3727,14.8,19.7,,,,,,,,,,,,,,,,,,,,,
1/2 HE 650 A,500,x,20,A,173.3,320,300,13.5,26,27,220.8,47826,2577,15.4,18.6,,,,,,,,,,,,,,,,,,,,,
1/2 HE 650 B,500,x,25,A,210.5,325,300,16,31,27,268.2,59792,3077,15.6,19.4,,,,,,,,,,,,,,,,,,,,,
1/2 HE 650 M,510,x,25,A,246.8,334,305,21,40,27,314.4,71752,3869,17.4,18.5,,,,,,,,,,,,,,,,,,,,,
1/2 HE 650 M,510,x,30,A,266.8,334,305,21,40,27,339.9,79061,3979,16.5,19.9,,,,,,,,,,,,,,,,,,,,,
1/2 HE 650 M,510,x,35,A,286.8,334,305,21,40,27,365.4,85742,4075,15.9,21,,,,,,,,,,,,,,,,,,,,,
1/2 HE 280 A,80,x,40,B,63.3,162,280,8,13,24,80.6,4004,396,7.4,10.1,,,,,,,,,,,,,,,,,,,,,
1/2 HE 300 A,100,x,30,B,67.7,161,300,8.5,14,27,86.3,4375,417,7,10.5,,,,,,,,,,,,,,,,,,,,,
1/2 HP 360x109,170,x,20,B,81.2,180.3,370.5,12.9,12.9,15.2,103.5,6739,606,8.2,11.1,,,,,,,,,,,,,,,,,,,,,
1/2 HP 360x109,170,x,30,B,94.6,190.3,370.5,12.9,12.9,15.2,120.5,8714,831,9.8,10.5,,,,,,,,,,,,,,,,,,,,,
1/2 HP 360x133,170,x,20,B,92.8,180.4,373.3,15.6,15.6,15.2,118.2,7509,635,7.8,11.8,,,,,,,,,,,,,,,,,,,,,
1/2 HP 360x133,170,x,30,B,106.2,190.4,373.3,15.6,15.6,15.2,135.2,9768,866,9.3,11.3,,,,,,,,,,,,,,,,,,,,,
1/2 HP 360x152,170,x,30,B,116.1,190.3,375.5,17.9,17.9,15.2,147.9,10583,894,9,11.8,,,,,,,,,,,,,,,,,,,,,
1/2 HP 360x152,170,x,40,B,129.4,200.3,375.5,17.9,17.9,15.2,164.9,12904,1116,10.3,11.6,,,,,,,,,,,,,,,,,,,,,
1/2 HP 400x122,190,x,20,B,91,180,390,14,14,15,116,7597,678,8.2,11.2,,,,,,,,,,,,,,,,,,,,,
1/2 HP 400x122,190,x,30,B,105.9,190,390,14,14,15,135,9837,931,9.8,10.6,,,,,,,,,,,,,,,,,,,,,
1/2 HP 400x140,190,x,30,B,114.8,190,392,16,16,15,146.3,10658,958,9.5,11.1,,,,,,,,,,,,,,,,,,,,,
1/2 HP 400x140,190,x,40,B,129.7,200,392,16,16,15,165.3,12931,1199,10.8,10.8,,,,,,,,,,,,,,,,,,,,,
1/2 HP 400x158,190,x,30,B,123.8,190,394,18,18,15,157.7,11435,984,9.2,11.6,,,,,,,,,,,,,,,,,,,,,
1/2 HP 400x158,190,x,40,B,138.7,200,394,18,18,15,176.7,13926,1231,10.5,11.3,,,,,,,,,,,,,,,,,,,,,
1/2 HP 400x176,190,x,30,B,132.8,190,396,20,20,15,169.2,12179,1010,8.9,12.1,,,,,,,,,,,,,,,,,,,,,
1/2 HP 400x176,190,x,40,B,147.7,200,396,20,20,15,188.2,14874,1262,10.2,11.8,,,,,,,,,,,,,,,,,,,,,
1/2 HP 400x194,190,x,30,B,141.9,190,398,22,22,15,180.7,12899,1036,8.7,12.5,,,,,,,,,,,,,,,,,,,,,
1/2 HP 400x194,190,x,40,B,156.8,200,398,22,22,15,199.7,15785,1292,10,12.2,,,,,,,,,,,,,,,,,,,,,
,,,,,,,,,,,,,,,,,,,,,,,,,,,,,,,,,,,,
Profili SFB,,bp x tp,,,G,heff,b,tw,tf,r,A,Iy,Wel.y,z1,z2,,,,,,,,,,,,,,,,,,,,,
,,,,,[kg/m],[mm],[mm],[mm],[mm],[mm],[cm2],[cm4] ,[cm3],[cm],[cm],,,,,,,,,,,,,,,,,,,,,
,500,x,25,0,224.8,320,300,11.5,20.5,27,286.3,51847,2203,11,23.5,,,,,,,,,,,,,,,,,,,,,
HEB 140,340,x,10,,60.4,140,140,7,12,12,77,2580,250,4.7,10.3,,,,,,,,,,,,,,,,,,,,,
HEM 140,350,x,10,,90.7,160,146,13,22,12,115.6,5057,478,6.4,10.6,,,,,,,,,,,,,,,,,,,,,
HEM 140,350,x,15,,104.4,160,146,13,22,12,133.1,5735,501,6,11.5,,,,,,,,,,,,,,,,,,,,,
HEM 140,350,x,20,,118.2,160,146,13,22,12,150.6,6348,521,5.8,12.2,,,,,,,,,,,,,,,,,,,,,
HEB 160,360,x,10,,70.8,160,160,8,13,15,90.3,4058,356,5.6,11.4,,,,,,,,,,,,,,,,,,,,,
HEM 160,370,x,10,,105.2,180,166,14,23,15,134.1,7519,647,7.4,11.6,,,,,,,,,,,,,,,,,,,,,
HEM 160,370,x,15,,119.8,180,166,14,23,15,152.6,8465,675,7,12.5,,,,,,,,,,,,,,,,,,,,,
HEM 160,370,x,20,,134.3,180,166,14,23,15,171.1,9322,699,6.7,13.3,,,,,,,,,,,,,,,,,,,,,
HEM 160,370,x,25,,148.8,180,166,14,23,15,189.6,10122,723,6.5,14,,,,,,,,,,,,,,,,,,,,,
HEB 180,380,x,10,,81.1,180,180,8.5,14,15,103.3,6002,480,6.5,12.5,,,,,,,,,,,,,,,,,,,,,
HEB 180,380,x,15,,96,180,180,8.5,14,15,122.3,6734,497,6,13.5,,,,,,,,,,,,,,,,,,,,,
HEM 180,390,x,10,,119.5,200,186,14.5,24,15,152.3,10685,842,8.3,12.7,,,,,,,,,,,,,,,,,,,,,
HEM 180,390,x,15,,134.8,200,186,14.5,24,15,171.8,11952,875,7.8,13.7,,,,,,,,,,,,,,,,,,,,,
HEM 180,390,x,20,,150.1,200,186,14.5,24,15,191.3,13098,904,7.5,14.5,,,,,,,,,,,,,,,,,,,,,
HEM 180,390,x,25,,165.4,200,186,14.5,24,15,210.8,14165,932,7.3,15.2,,,,,,,,,,,,,,,,,,,,,
HEB 200,400,x,10,,92.7,200,200,9,15,18,118.1,8616,636,7.4,13.6,,,,,,,,,,,,,,,,,,,,,
HEB 200,400,x,15,,108.4,200,200,9,15,18,138.1,9628,656,6.8,14.7,,,,,,,,,,,,,,,,,,,,,
HEM 200,410,x,10,,135.2,220,206,15,25,18,172.3,14777,1076,9.3,13.7,,,,,,,,,,,,,,,,,,,,,
HEM 200,410,x,15,,151.3,220,206,15,25,18,192.8,16436,1114,8.8,14.7,,,,,,,,,,,,,,,,,,,,,
HEM 200,410,x,20,,167.4,220,206,15,25,18,213.3,17937,1149,8.4,15.6,,,,,,,,,,,,,,,,,,,,,
HEM 200,410,x,25,,183.5,220,206,15,25,18,233.8,19333,1181,8.1,16.4,,,,,,,,,,,,,,,,,,,,,
HEM 200,410,x,30,,199.6,220,206,15,25,18,254.3,20656,1212,8,17,,,,,,,,,,,,,,,,,,,,,
HEB 220,420,x,10,,104.4,220,220,9.5,16,18,133,11895,813,8.4,14.6,,,,,,,,,,,,,,,,,,,,,
HEB 220,420,x,15,,120.9,220,220,9.5,16,18,154,13243,838,7.7,15.8,,,,,,,,,,,,,,,,,,,,,
HEB 220,420,x,20,,137.4,220,220,9.5,16,18,175,14410,860,7.2,16.8,,,,,,,,,,,,,,,,,,,,,
HEM 220,430,x,10,,151.1,240,226,15.5,26,18,192.4,19826,1340,10.2,14.8,,,,,,,,,,,,,,,,,,,,,
HEM 220,430,x,15,,167.9,240,226,15.5,26,18,213.9,21941,1385,9.7,15.8,,,,,,,,,,,,,,,,,,,,,
HEM 220,430,x,20,,184.8,240,226,15.5,26,18,235.4,23859,1425,9.3,16.7,,,,,,,,,,,,,,,,,,,,,
HEM 220,430,x,25,,201.7,240,226,15.5,26,18,256.9,25638,1461,9,17.5,,,,,,,,,,,,,,,,,,,,,
HEM 220,430,x,30,,218.6,240,226,15.5,26,18,278.4,27320,1497,8.7,18.3,,,,,,,,,,,,,,,,,,,,,
HEB 240,440,x,10,,117.7,240,240,10,17,21,150,16121,1029,9.3,15.7,,,,,,,,,,,,,,,,,,,,,
HEB 240,440,x,15,,135,240,240,10,17,21,172,17883,1059,8.6,16.9,,,,,,,,,,,,,,,,,,,,,
HEB 240,440,x,20,,152.3,240,240,10,17,21,194,19414,1085,8.1,17.9,,,,,,,,,,,,,,,,,,,,,
HEM 240,450,x,10,,192,270,248,18,32,21,244.6,31491,1959,11.9,16.1,,,,,,,,,,,,,,,,,,,,,
HEM 240,450,x,15,,209.7,270,248,18,32,21,267.1,34545,2020,11.4,17.1,,,,,,,,,,,,,,,,,,,,,
HEM 240,450,x,20,,227.3,270,248,18,32,21,289.6,37361,2075,11,18,,,,,,,,,,,,,,,,,,,,,
HEM 240,450,x,25,,245,270,248,18,32,21,312.1,40001,2126,10.7,18.8,,,,,,,,,,,,,,,,,,,,,
HEM 240,450,x,30,,262.6,270,248,18,32,21,334.6,42510,2174,10.4,19.6,,,,,,,,,,,,,,,,,,,,,
HEM 240,450,x,35,,280.3,270,248,18,32,21,357.1,44923,2221,10.3,20.2,,,,,,,,,,,,,,,,,,,,,
HEM 240,450,x,40,,298,270,248,18,32,21,379.6,47268,2267,10.1,20.9,,,,,,,,,,,,,,,,,,,,,
HEB 260,460,x,10,,129.1,260,260,10,17.5,24,164.4,20962,1249,10.2,16.8,,,,,,,,,,,,,,,,,,,,,
HEB 260,460,x,15,,147.1,260,260,10,17.5,24,187.4,23176,1283,9.4,18.1,,,,,,,,,,,,,,,,,,,,,
HEB 260,460,x,20,,165.2,260,260,10,17.5,24,210.4,25099,1313,8.9,19.1,,,,,,,,,,,,,,,,,,,,,
HEM 260,470,x,10,,209.3,290,268,18,32.5,24,266.6,40022,2334,12.9,17.1,,,,,,,,,,,,,,,,,,,,,
HEM 260,470,x,15,,227.8,290,268,18,32.5,24,290.1,43732,2402,12.3,18.2,,,,,,,,,,,,,,,,,,,,,
HEM 260,470,x,20,,246.2,290,268,18,32.5,24,313.6,47153,2463,11.9,19.1,,,,,,,,,,,,,,,,,,,,,
HEM 260,470,x,25,,264.7,290,268,18,32.5,24,337.1,50357,2519,11.5,20,,,,,,,,,,,,,,,,,,,,,
HEM 260,470,x,30,,283.1,290,268,18,32.5,24,360.6,53396,2573,11.2,20.8,,,,,,,,,,,,,,,,,,,,,
HEM 260,470,x,35,,301.6,290,268,18,32.5,24,384.1,56312,2624,11,21.5,,,,,,,,,,,,,,,,,,,,,
HEM 260,470,x,40,,320,290,268,18,32.5,24,407.6,59136,2675,10.9,22.1,,,,,,,,,,,,,,,,,,,,,
HEB 280,480,x,10,,140.8,280,280,10.5,18,24,179.4,26666,1491,11.1,17.9,,,,,,,,,,,,,,,,,,,,,
HEB 280,480,x,15,,159.6,280,280,10.5,18,24,203.4,29402,1530,10.3,19.2,,,,,,,,,,,,,,,,,,,,,
HEB 280,480,x,20,,178.5,280,280,10.5,18,24,227.4,31782,1563,9.7,20.3,,,,,,,,,,,,,,,,,,,,,
HEM 280,490,x,10,,227,310,288,18.5,33,24,289.2,49970,2744,13.8,18.2,,,,,,,,,,,,,,,,,,,,,
HEM 280,490,x,15,,246.2,310,288,18.5,33,24,313.7,54422,2819,13.2,19.3,,,,,,,,,,,,,,,,,,,,,
HEM 280,490,x,20,,265.5,310,288,18.5,33,24,338.2,58528,2886,12.7,20.3,,,,,,,,,,,,,,,,,,,,,
HEM 280,490,x,25,,284.7,310,288,18.5,33,24,362.7,62371,2948,12.3,21.2,,,,,,,,,,,,,,,,,,,,,
HEM 280,490,x,30,,303.9,310,288,18.5,33,24,387.2,66010,3007,12,22,,,,,,,,,,,,,,,,,,,,,
HEM 280,490,x,35,,323.2,310,288,18.5,33,24,411.7,69494,3063,11.8,22.7,,,,,,,,,,,,,,,,,,,,,
HEM 280,490,x,40,,342.4,310,288,18.5,33,24,436.2,72860,3118,11.6,23.4,,,,,,,,,,,,,,,,,,,,,
HEB 300,500,x,10,,156.3,300,300,11,19,27,199.1,34165,1808,12.1,18.9,,,,,,,,,,,,,,,,,,,,,
HEB 300,500,x,15,,175.9,300,300,11,19,27,224.1,37557,1853,11.2,20.3,,,,,,,,,,,,,,,,,,,,,
HEB 300,500,x,20,,195.5,300,300,11,19,27,249.1,40521,1891,10.6,21.4,,,,,,,,,,,,,,,,,,,,,
HEB 300,500,x,25,,215.2,300,300,11,19,27,274.1,43185,1927,10.1,22.4,,,,,,,,,,,,,,,,,,,,,
HEM 300,510,x,10,,278,340,310,21,39,27,354.1,72574,3718,15.5,19.5,,,,,,,,,,,,,,,,,,,,,
HEM 300,510,x,15,,298,340,310,21,39,27,379.6,78460,3813,14.9,20.6,,,,,,,,,,,,,,,,,,,,,
HEM 300,510,x,20,,318,340,310,21,39,27,405.1,83961,3899,14.5,21.5,,,,,,,,,,,,,,,,,,,,,
HEM 300,510,x,25,,338,340,310,21,39,27,430.6,89158,3980,14.1,22.4,,,,,,,,,,,,,,,,,,,,,
HEM 300,510,x,30,,358,340,310,21,39,27,456.1,94113,4056,13.8,23.2,,,,,,,,,,,,,,,,,,,,,
HEM 300,510,x,35,,378,340,310,21,39,27,481.6,98877,4129,13.6,23.9,,,,,,,,,,,,,,,,,,,,,
HEM 300,510,x,40,,398.1,340,310,21,39,27,507.1,103490,4199,13.4,24.6,,,,,,,,,,,,,,,,,,,,,
HEB 320,500,x,10,,165.9,320,300,11.5,20.5,27,211.3,41220,2071,13.1,19.9,,,,,,,,,,,,,,,,,,,,,
HEB 320,500,x,15,,185.5,320,300,11.5,20.5,27,236.3,45202,2121,12.2,21.3,,,,,,,,,,,,,,,,,,,,,
HEB 320,500,x,20,,205.2,320,300,11.5,20.5,27,261.3,48699,2164,11.5,22.5,,,,,,,,,,,,,,,,,,,,,
HEB 320,500,x,25,,224.8,320,300,11.5,20.5,27,286.3,51847,2203,11,23.5,,,,,,,,,,,,,,,,,,,,,
,,,,,,,,,,,,,,,,,,,,,,,,,,,,,,,,,,,,
,,,,,,,,,,,,,,,,,,,,,,,,,,,,,,,,,,,,
,,,,,,,,,,,,,,,,,,,,,,,,,,,,,,,,,,,,
,,,,,,,,,,,,,,,,,,,,,,,,,,,,,,,,,,,,
,,,,,,,,,,,,,,,,,,,,,,,,,,,,,,,,,,,,
Circolari a caldo,D,t ,M ,A ,I ,i ,Wel ,Wpl ,It ,Ct ,Sup. est.,L per ton,,,,,,,,,,,,,,,,,,,,,,,,
,[mm] ,[mm] ,[kg/m] ,[cm2] ,[cm4] ,[cm] ,[cm3] ,[cm3] ,[cm4] ,[cm3] ,[m2/m] ,[m/t] ,,,,,,,,,,,,,,,,,,,,,,,,
,21.3,2.6,1.2,1.53,0.681,0.668,0.639,0.915,1.36,1.28,0.067,834,2,,,,,,,,,,,,,,,,,,,,,,,
"D =21,3",21.3,2.3,1.08,1.37,0.629,0.677,0.59,0.834,1.26,1.18,0.067,927.9,,,,,,,,,,,,,,,,,,,,,,,,
"D =21,3",21.3,2.6,1.2,1.53,0.681,0.668,0.639,0.915,1.36,1.28,0.067,834,,,,,,,,,,,,,,,,,,,,,,,,
"D =21,3",21.3,3.2,1.43,1.82,0.768,0.65,0.722,1.06,1.54,1.44,0.067,700.1,,,,,,,,,,,,,,,,,,,,,,,,
"D = 26,9",26.9,2.3,1.4,1.78,1.36,0.874,1.01,1.4,2.71,2.02,0.085,716.7,,,,,,,,,,,,,,,,,,,,,,,,
"D = 26,9",26.9,2.6,1.56,1.98,1.48,0.864,1.1,1.54,2.96,2.2,0.085,641.8,,,,,,,,,,,,,,,,,,,,,,,,
"D = 26,9",26.9,3.2,1.87,2.38,1.7,0.846,1.27,1.81,3.41,2.53,0.085,534.7,,,,,,,,,,,,,,,,,,,,,,,,
"D = 33,7",33.7,2.6,1.99,2.54,3.09,1.1,1.84,2.52,6.19,3.67,0.106,501.5,,,,,,,,,,,,,,,,,,,,,,,,
"D = 33,7",33.7,3.2,2.41,3.07,3.6,1.08,2.14,2.99,7.21,4.28,0.106,415.5,,,,,,,,,,,,,,,,,,,,,,,,
"D = 33,7",33.7,4,2.93,3.73,4.19,1.06,2.49,3.55,8.38,4.97,0.106,341.3,,,,,,,,,,,,,,,,,,,,,,,,
"D = 42,4",42.4,2.6,2.55,3.25,6.46,1.41,3.05,4.12,12.9,6.1,0.133,391.9,,,,,,,,,,,,,,,,,,,,,,,,
"D = 42,4",42.4,3.2,3.09,3.94,7.62,1.39,3.59,4.93,15.2,7.19,0.133,323.3,,,,,,,,,,,,,,,,,,,,,,,,
"D = 42,4",42.4,4,3.79,4.83,8.99,1.36,4.24,5.92,18,8.48,0.133,264,,,,,,,,,,,,,,,,,,,,,,,,
"D = 48,3",48.3,2.6,2.93,3.73,9.78,1.62,4.05,5.44,19.6,8.1,0.152,341.3,,,,,,,,,,,,,,,,,,,,,,,,
"D = 48,3",48.3,3.2,3.56,4.53,11.6,1.6,4.8,6.52,23.2,9.59,0.152,281,,,,,,,,,,,,,,,,,,,,,,,,
"D = 48,3",48.3,4,4.37,5.57,13.8,1.57,5.7,7.87,27.5,11.4,0.152,228.8,,,,,,,,,,,,,,,,,,,,,,,,
"D = 48,3",48.3,5,5.34,6.8,16.2,1.54,6.69,9.42,32.3,13.4,0.152,187.3,,,,,,,,,,,,,,,,,,,,,,,,
"D = 60,3",60.3,2.6,3.7,4.71,19.7,2.04,6.52,8.66,39.3,13,0.189,270.3,,,,,,,,,,,,,,,,,,,,,,,,
"D = 60,3",60.3,3.2,4.51,5.74,23.5,2.02,7.78,10.4,46.9,15.6,0.189,221.9,,,,,,,,,,,,,,,,,,,,,,,,
"D = 60,3",60.3,4,5.55,7.07,28.2,2,9.34,12.7,56.3,18.7,0.189,180.1,,,,,,,,,,,,,,,,,,,,,,,,
"D = 60,3",60.3,5,6.82,8.69,33.5,1.96,11.1,15.3,67,22.2,0.189,146.7,,,,,,,,,,,,,,,,,,,,,,,,
"D = 76,1",76.1,2.6,4.71,6,40.6,2.6,10.7,14.1,81.2,21.3,0.239,212.2,,,,,,,,,,,,,,,,,,,,,,,,
"D = 76,1",76.1,3.2,5.75,7.33,48.8,2.58,12.8,17,97.6,25.6,0.239,173.8,,,,,,,,,,,,,,,,,,,,,,,,
"D = 76,1",76.1,4,7.11,9.06,59.1,2.55,15.5,20.8,118,31,0.239,140.6,,,,,,,,,,,,,,,,,,,,,,,,
"D = 76,1",76.1,5,8.77,11.2,70.9,2.52,18.6,25.3,142,37.3,0.239,114.1,,,,,,,,,,,,,,,,,,,,,,,,
"D = 88,9",88.9,3.2,6.76,8.62,79.2,3.03,17.8,23.5,158,35.6,0.279,147.9,,,,,,,,,,,,,,,,,,,,,,,,
"D = 88,9",88.9,4,8.38,10.7,96.3,3,21.7,28.9,193,43.3,0.279,119.4,,,,,,,,,,,,,,,,,,,,,,,,
"D = 88,9",88.9,5,10.3,13.2,116,2.97,26.2,35.2,233,52.4,0.279,96.7,,,,,,,,,,,,,,,,,,,,,,,,
"D = 88,9",88.9,6,12.3,15.6,135,2.94,30.4,41.3,270,60.7,0.279,81.5,,,,,,,,,,,,,,,,,,,,,,,,
"D = 88,9",88.9,6.3,12.8,16.3,140,2.93,31.5,43.1,280,63.1,0.279,77.9,,,,,,,,,,,,,,,,,,,,,,,,
"D = 101,6",101.6,3.2,7.77,9.89,120,3.48,23.6,31,240,47.2,0.319,128.8,,,,,,,,,,,,,,,,,,,,,,,,
"D = 101,6",101.6,4,9.63,12.3,146,3.45,28.8,38.1,293,57.6,0.319,103.9,,,,,,,,,,,,,,,,,,,,,,,,
"D = 101,6",101.6,5,11.9,15.2,177,3.42,34.9,46.7,355,69.9,0.319,84,,,,,,,,,,,,,,,,,,,,,,,,
"D = 101,6",101.6,6,14.1,18,207,3.39,40.7,54.9,413,81.4,0.319,70.7,,,,,,,,,,,,,,,,,,,,,,,,
"D = 101,6",101.6,6.3,14.8,18.9,215,3.38,42.3,57.3,430,84.7,0.319,67.5,,,,,,,,,,,,,,,,,,,,,,,,
"D = 101,6",101.6,8,18.5,23.5,260,3.32,51.1,70.3,519,102,0.319,54.2,,,,,,,,,,,,,,,,,,,,,,,,
"D = 101,6",101.6,10,22.6,28.8,305,3.26,60.1,84.2,611,120,0.319,44.3,,,,,,,,,,,,,,,,,,,,,,,,
"D = 114,3",114.3,3.2,8.77,11.2,172,3.93,30.2,39.5,345,60.4,0.359,114.1,,,,,,,,,,,,,,,,,,,,,,,,
"D = 114,3",114.3,4,10.9,13.9,211,3.9,36.9,48.7,422,73.9,0.359,91.9,,,,,,,,,,,,,,,,,,,,,,,,
"D = 114,3",114.3,5,13.5,17.2,257,3.87,45,59.8,514,89.9,0.359,74.2,,,,,,,,,,,,,,,,,,,,,,,,
"D = 114,3",114.3,6,16,20.4,300,3.83,52.5,70.4,600,105,0.359,62.4,,,,,,,,,,,,,,,,,,,,,,,,
"D = 114,3",114.3,6.3,16.8,21.4,313,3.82,54.7,73.6,625,109,0.359,59.6,,,,,,,,,,,,,,,,,,,,,,,,
"D = 114,3",114.3,8,21,26.7,379,3.77,66.4,90.6,759,133,0.359,47.7,,,,,,,,,,,,,,,,,,,,,,,,
"D = 114,3",114.3,10,25.7,32.8,450,3.7,78.7,109,899,157,0.359,38.9,,,,,,,,,,,,,,,,,,,,,,,,
"D = 139,7",139.7,4,13.4,17.1,393,4.8,56.2,73.7,786,112,0.439,74.7,,,,,,,,,,,,,,,,,,,,,,,,
"D = 139,7",139.7,5,16.6,21.2,481,4.77,68.8,90.8,961,138,0.439,60.2,,,,,,,,,,,,,,,,,,,,,,,,
"D = 139,7",139.7,6,19.8,25.2,564,4.73,80.8,107,1129,162,0.439,50.5,,,,,,,,,,,,,,,,,,,,,,,,
"D = 139,7",139.7,6.3,20.7,26.4,589,4.72,84.3,112,1177,169,0.439,48.2,,,,,,,,,,,,,,,,,,,,,,,,
"D = 139,7",139.7,8,26,33.1,720,4.66,103,139,1441,206,0.439,38.5,,,,,,,,,,,,,,,,,,,,,,,,
"D = 139,7",139.7,10,32,40.7,862,4.6,123,169,1724,247,0.439,31.3,,,,,,,,,,,,,,,,,,,,,,,,
"D = 139,7",139.7,12,37.8,48.1,990,4.53,142,196,1980,283,0.439,26.5,,,,,,,,,,,,,,,,,,,,,,,,
"D = 139,7",139.7,12.5,39.2,50,1020,4.52,146,203,2040,292,0.439,25.5,,,,,,,,,,,,,,,,,,,,,,,,
"D = 168,3",168.3,4,16.2,20.6,697,5.81,82.8,108,1394,166,0.529,61.7,,,,,,,,,,,,,,,,,,,,,,,,
"D = 168,3",168.3,5,20.1,25.7,856,5.78,102,133,1712,203,0.529,49.7,,,,,,,,,,,,,,,,,,,,,,,,
"D = 168,3",168.3,6,24,30.6,1009,5.74,120,158,2017,240,0.529,41.6,,,,,,,,,,,,,,,,,,,,,,,,
"D = 168,3",168.3,6.3,25.2,32.1,1053,5.73,125,165,2107,250,0.529,39.7,,,,,,,,,,,,,,,,,,,,,,,,
"D = 168,3",168.3,8,31.6,40.3,1297,5.67,154,206,2595,308,0.529,31.6,,,,,,,,,,,,,,,,,,,,,,,,
"D = 168,3",168.3,10,39,49.7,1564,5.61,186,251,3128,372,0.529,25.6,,,,,,,,,,,,,,,,,,,,,,,,
"D = 168,3",168.3,12,46.3,58.9,1810,5.54,215,294,3620,430,0.529,21.6,,,,,,,,,,,,,,,,,,,,,,,,
"D = 168,3",168.3,12.5,48,61.2,1868,5.53,222,304,3737,444,0.529,20.8,,,,,,,,,,,,,,,,,,,,,,,,
"D = 177,8",177.8,5,21.3,27.1,1014,6.11,114,149,2028,228,0.559,46.9,,,,,,,,,,,,,,,,,,,,,,,,
"D = 177,8",177.8,6,25.4,32.4,1196,6.08,135,177,2392,269,0.559,39.3,,,,,,,,,,,,,,,,,,,,,,,,
"D = 177,8",177.8,6.3,26.6,33.9,1250,6.07,141,185,2499,281,0.559,37.5,,,,,,,,,,,,,,,,,,,,,,,,
"D = 177,8",177.8,8,33.5,42.7,1541,6.01,173,231,3083,347,0.559,29.9,,,,,,,,,,,,,,,,,,,,,,,,
"D = 177,8",177.8,10,41.4,52.7,1862,5.94,209,282,3724,419,0.559,24.2,,,,,,,,,,,,,,,,,,,,,,,,
"D = 177,8",177.8,12,49.1,62.5,2159,5.88,243,330,4318,486,0.559,20.4,,,,,,,,,,,,,,,,,,,,,,,,
"D = 177,8",177.8,12.5,51,64.9,2230,5.86,251,342,4460,502,0.559,19.6,,,,,,,,,,,,,,,,,,,,,,,,
"D = 193,7",193.7,5,23.3,29.6,1320,6.67,136,178,2640,273,0.609,43,,,,,,,,,,,,,,,,,,,,,,,,
"D = 193,7",193.7,6,27.8,35.4,1560,6.64,161,211,3119,322,0.609,36,,,,,,,,,,,,,,,,,,,,,,,,
"D = 193,7",193.7,6.3,29.1,37.1,1630,6.63,168,221,3260,337,0.609,34.3,,,,,,,,,,,,,,,,,,,,,,,,
"D = 193,7",193.7,8,36.6,46.7,2016,6.57,208,276,4031,416,0.609,27.3,,,,,,,,,,,,,,,,,,,,,,,,
"D = 193,7",193.7,10,45.3,57.7,2442,6.5,252,338,4883,504,0.609,22.1,,,,,,,,,,,,,,,,,,,,,,,,
"D = 193,7",193.7,12,53.8,68.5,2839,6.44,293,397,5678,586,0.609,18.6,,,,,,,,,,,,,,,,,,,,,,,,
"D = 193,7",193.7,12.5,55.9,71.2,2934,6.42,303,411,5869,606,0.609,17.9,,,,,,,,,,,,,,,,,,,,,,,,
"D = 193,7",193.7,16,70.1,89.3,3554,6.31,367,507,7109,734,0.609,14.3,,,,,,,,,,,,,,,,,,,,,,,,
"D = 219,1",219.1,5,26.4,33.6,1928,7.57,176,229,3856,352,0.688,37.9,,,,,,,,,,,,,,,,,,,,,,,,
"D = 219,1",219.1,6,31.5,40.2,2282,7.54,208,273,4564,417,0.688,31.7,,,,,,,,,,,,,,,,,,,,,,,,
"D = 219,1",219.1,6.3,33.1,42.1,2386,7.53,218,285,4772,436,0.688,30.2,,,,,,,,,,,,,,,,,,,,,,,,
"D = 219,1",219.1,8,41.6,53.1,2960,7.47,270,357,5919,540,0.688,24,,,,,,,,,,,,,,,,,,,,,,,,
"D = 219,1",219.1,10,51.6,65.7,3598,7.4,328,438,7197,657,0.688,19.4,,,,,,,,,,,,,,,,,,,,,,,,
"D = 219,1",219.1,12,61.3,78.1,4200,7.33,383,515,8400,767,0.688,16.3,,,,,,,,,,,,,,,,,,,,,,,,
"D = 219,1",219.1,12.5,63.7,81.1,4345,7.32,397,534,8689,793,0.688,15.7,,,,,,,,,,,,,,,,,,,,,,,,
"D = 219,1",219.1,16,80.1,102,5297,7.2,483,661,10593,967,0.688,12.5,,,,,,,,,,,,,,,,,,,,,,,,
"D = 219,1",219.1,20,98.2,125,6261,7.07,572,795,12523,1143,0.688,10.2,,,,,,,,,,,,,,,,,,,,,,,,
"D = 244,5",244.5,5,29.5,37.6,2699,8.47,221,287,5397,441,0.768,33.9,,,,,,,,,,,,,,,,,,,,,,,,
"D = 244,5",244.5,6,35.3,45,3199,8.43,262,341,6397,523,0.768,28.3,,,,,,,,,,,,,,,,,,,,,,,,
"D = 244,5",244.5,6.3,37,47.1,3346,8.42,274,358,6692,547,0.768,27,,,,,,,,,,,,,,,,,,,,,,,,
"D = 244,5",244.5,8,46.7,59.4,4160,8.37,340,448,8321,681,0.768,21.4,,,,,,,,,,,,,,,,,,,,,,,,
"D = 244,5",244.5,10,57.8,73.7,5073,8.3,415,550,10146,830,0.768,17.3,,,,,,,,,,,,,,,,,,,,,,,,
"D = 244,5",244.5,12,68.8,87.7,5938,8.23,486,649,11877,972,0.768,14.5,,,,,,,,,,,,,,,,,,,,,,,,
"D = 244,5",244.5,12.5,71.5,91.1,6147,8.21,503,673,12295,1006,0.768,14,,,,,,,,,,,,,,,,,,,,,,,,
"D = 244,5",244.5,16,90.2,115,7533,8.1,616,837,15066,1232,0.768,11.1,,,,,,,,,,,,,,,,,,,,,,,,
"D = 244,5",244.5,20,111,141,8957,7.97,733,1011,17914,1465,0.768,9.03,,,,,,,,,,,,,,,,,,,,,,,,
"D = 244,5",244.5,25,135,172,10517,7.81,860,1210,21034,1721,0.768,7.39,,,,,,,,,,,,,,,,,,,,,,,,
D = 273,273,5,33,42.1,3781,9.48,277,359,7562,554,0.858,30.3,,,,,,,,,,,,,,,,,,,,,,,,
D = 273,273,6,39.5,50.3,4487,9.44,329,428,8974,657,0.858,25.3,,,,,,,,,,,,,,,,,,,,,,,,
D = 273,273,6.3,41.4,52.8,4696,9.43,344,448,9392,688,0.858,24.1,,,,,,,,,,,,,,,,,,,,,,,,
D = 273,273,8,52.3,66.6,5852,9.37,429,562,11703,857,0.858,19.1,,,,,,,,,,,,,,,,,,,,,,,,
D = 273,273,10,64.9,82.6,7154,9.31,524,692,14308,1048,0.858,15.4,,,,,,,,,,,,,,,,,,,,,,,,
D = 273,273,12,77.2,98.4,8396,9.24,615,818,16792,1230,0.858,12.9,,,,,,,,,,,,,,,,,,,,,,,,
D = 273,273,12.5,80.3,102,8697,9.22,637,849,17395,1274,0.858,12.5,,,,,,,,,,,,,,,,,,,,,,,,
D = 273,273,16,101,129,10707,9.1,784,1058,21414,1569,0.858,9.86,,,,,,,,,,,,,,,,,,,,,,,,
D = 273,273,20,125,159,12798,8.97,938,1283,25597,1875,0.858,8.01,,,,,,,,,,,,,,,,,,,,,,,,
D = 273,273,25,153,195,15127,8.81,1108,1543,30254,2216,0.858,6.54,,,,,,,,,,,,,,,,,,,,,,,,
"D = 323,9",323.9,5,39.3,50.1,6369,11.3,393,509,12739,787,1.02,25.4,,,,,,,,,,,,,,,,,,,,,,,,
"D = 323,9",323.9,6,47,59.9,7572,11.2,468,606,15145,935,1.02,21.3,,,,,,,,,,,,,,,,,,,,,,,,
"D = 323,9",323.9,6.3,49.3,62.9,7929,11.2,490,636,15858,979,1.02,20.3,,,,,,,,,,,,,,,,,,,,,,,,
"D = 323,9",323.9,8,62.3,79.4,9910,11.2,612,799,19820,1224,1.02,16,,,,,,,,,,,,,,,,,,,,,,,,
"D = 323,9",323.9,10,77.4,96.6,12158,11.2,751,986,24317,1501,1.02,12.9,,,,,,,,,,,,,,,,,,,,,,,,
"D = 323,9",323.9,12,92.3,118,14320,11,884,1168,28639,1768,1.02,10.8,,,,,,,,,,,,,,,,,,,,,,,,
"D = 323,9",323.9,12.5,98,122,14847,11,917,1213,29693,1833,1.02,10.4,,,,,,,,,,,,,,,,,,,,,,,,
"D = 323,9",323.9,16,121,155,18390,10.9,1136,1518,36780,2271,1.02,8.23,,,,,,,,,,,,,,,,,,,,,,,,
"D = 323,9",323.9,20,150,191,22139,10.8,1367,1850,44278,2734,1.02,6.67,,,,,,,,,,,,,,,,,,,,,,,,
"D = 323,9",323.9,25,184,235,26400,10.6,1630,2239,52800,3260,1.02,5.43,,,,,,,,,,,,,,,,,,,,,,,,
"D = 355,6",355.6,6,51.7,65.9,10071,12.4,566,733,20141,1133,1.12,19.3,,,,,,,,,,,,,,,,,,,,,,,,
"D = 355,6",355.6,6.3,54.3,69.1,10547,12.4,593,769,21094,1186,1.12,18.4,,,,,,,,,,,,,,,,,,,,,,,,
"D = 355,6",355.6,8,68.6,87.4,13201,12.3,742,967,36403,1485,1.12,14.6,,,,,,,,,,,,,,,,,,,,,,,,
"D = 355,6",355.6,10,85.2,109,16223,12.2,912,1195,32447,1825,1.12,11.7,,,,,,,,,,,,,,,,,,,,,,,,
"D = 355,6",355.6,12,102,130,19139,12.2,1076,1417,38279,2153,1.12,9.83,,,,,,,,,,,,,,,,,,,,,,,,
"D = 355,6",355.6,12.5,106,135,19852,12.1,1117,1472,39704,2233,1.12,9.45,,,,,,,,,,,,,,,,,,,,,,,,
"D = 355,6",355.6,16,134,171,24663,12,1387,1847,49326,2774,1.12,7.46,,,,,,,,,,,,,,,,,,,,,,,,
"D = 355,6",355.6,20,166,211,29792,11.9,1676,2255,59583,3351,1.12,6.04,,,,,,,,,,,,,,,,,,,,,,,,
"D = 355,6",355.6,25,204,260,35677,11.7,2007,2738,71353,4013,1.12,4.91,,,,,,,,,,,,,,,,,,,,,,,,
"D = 406,4",406.4,6,59.2,75.5,15128,14.2,745,962,30257,1489,1.28,16.9,,,,,,,,,,,,,,,,,,,,,,,,
"D = 406,4",406.4,6.3,62.2,79.2,15849,14.1,780,1009,31699,1560,1.28,16.1,,,,,,,,,,,,,,,,,,,,,,,,
"D = 406,4",406.4,8,78.6,100,19874,14.1,978,1270,39748,1956,1.28,12.7,,,,,,,,,,,,,,,,,,,,,,,,
"D = 406,4",406.4,10,97.8,125,24476,14,1205,1572,48952,2409,1.28,10.2,,,,,,,,,,,,,,,,,,,,,,,,
"D = 406,4",406.4,12,117,149,28937,14,1424,1867,57874,2848,1.28,8.57,,,,,,,,,,,,,,,,,,,,,,,,
"D = 406,4",406.4,12.5,121,155,30031,13.9,1478,1940,60061,2956,1.28,8.24,,,,,,,,,,,,,,,,,,,,,,,,
"D = 406,4",406.4,16,154,196,37449,13.8,1843,2440,74898,3686,1.28,6.49,,,,,,,,,,,,,,,,,,,,,,,,
"D = 406,4",406.4,20,191,243,45432,13.7,2236,2989,90864,4472,1.28,5.25,,,,,,,,,,,,,,,,,,,,,,,,
"D = 406,4",406.4,25,235,300,54702,13.5,2692,3642,109404,5384,1.28,4.25,,,,,,,,,,,,,,,,,,,,,,,,
"D = 406,4",406.4,30,278,355,63224,13.3,3111,4259,126447,6223,1.28,3.59,,,,,,,,,,,,,,,,,,,,,,,,
"D = 406,4",406.4,40,361,460,78186,13,3848,5391,156373,7696,1.28,2.77,,,,,,,,,,,,,,,,,,,,,,,,
D = 457,457,6,66.7,85,21618,15.9,946,1220,43236,1892,1.44,15,,,,,,,,,,,,,,,,,,,,,,,,
D = 457,457,6.3,70,89.2,22654,15.9,991,1280,45306,1983,1.44,14.3,,,,,,,,,,,,,,,,,,,,,,,,
D = 457,457,8,88.6,113,28446,15.9,1245,1613,56893,2490,1.44,11.3,,,,,,,,,,,,,,,,,,,,,,,,
D = 457,457,10,110,140,35091,15.8,1536,1998,70183,3071,1.44,9.07,,,,,,,,,,,,,,,,,,,,,,,,
D = 457,457,12,132,168,41556,15.7,1819,2377,83113,3637,1.44,7.59,,,,,,,,,,,,,,,,,,,,,,,,
D = 457,457,12.5,137,175,43145,15.7,1888,2470,86290,3776,1.44,7.3,,,,,,,,,,,,,,,,,,,,,,,,
D = 457,457,16,174,222,53959,15.6,2361,3113,107919,4723,1.44,5.75,,,,,,,,,,,,,,,,,,,,,,,,
D = 457,457,20,216,275,65681,15.5,2874,3822,131363,5749,1.44,4.64,,,,,,,,,,,,,,,,,,,,,,,,
D = 457,457,25,266,339,79415,15.3,3475,4671,158830,6951,1.44,3.75,,,,,,,,,,,,,,,,,,,,,,,,
D = 457,457,30,316,402,92173,15.1,4034,5479,184346,8068,1.44,3.17,,,,,,,,,,,,,,,,,,,,,,,,
D = 457,457,40,411,524,114949,14.8,5031,6977,229896,10061,1.44,2.43,,,,,,,,,,,,,,,,,,,,,,,,
D = 457,457,50,501,639,134375,14.5,5881,8324,268750,11761,1.44,1.99,,,,,,,,,,,,,,,,,,,,,,,,
"D = 508,8",508.8,6,74.3,94.6,29812,17.7,1174,1512,59623,2347,1.6,13.5,,,,,,,,,,,,,,,,,,,,,,,,
"D = 508,8",508.8,6.3,77.9,99.3,31246,17.7,1230,1586,62493,2460,1.6,12.8,,,,,,,,,,,,,,,,,,,,,,,,
"D = 508,8",508.8,8,98.6,126,39280,17.7,1546,2000,78560,3093,1.6,10.1,,,,,,,,,,,,,,,,,,,,,,,,
"D = 508,8",508.8,10,123,156,48520,17.6,1910,2480,97040,3820,1.6,8.14,,,,,,,,,,,,,,,,,,,,,,,,
"D = 508,8",508.8,12,147,187,57536,17.5,2265,2953,115072,4530,1.6,6.81,,,,,,,,,,,,,,,,,,,,,,,,
D = 610,610,6,89.4,114,51924,21.4,1702,2189,103847,3405,1.92,11.2,,,,,,,,,,,,,,,,,,,,,,,,
D = 610,610,6.3,93.8,119,54439,21.3,1785,2296,108878,3570,1.92,10.7,,,,,,,,,,,,,,,,,,,,,,,,
D = 610,610,8,119,151,68551,21.3,2248,2899,137103,4495,1.92,8.42,,,,,,,,,,,,,,,,,,,,,,,,
D = 610,610,10,148,188,84846,21.2,2782,3600,169693,5564,1.92,6.76,,,,,,,,,,,,,,,,,,,,,,,,
D = 610,610,12,177,225,100814,21.1,3305,4292,201627,6611,1.92,5.65,,,,,,,,,,,,,,,,,,,,,,,,
D = 610,610,12.5,184,235,104755,21.1,3435,4463,209509,6869,1.92,5.43,,,,,,,,,,,,,,,,,,,,,,,,
D = 610,610,16,234,299,131781,21,4321,5647,263563,8641,1.92,4.27,,,,,,,,,,,,,,,,,,,,,,,,
D = 610,610,20,291,371,161490,20.9,5295,6965,322979,10589,1.92,3.44,,,,,,,,,,,,,,,,,,,,,,,,
D = 610,610,25,361,459,196906,20.7,6456,8561,393813,12912,1.92,2.77,,,,,,,,,,,,,,,,,,,,,,,,
D = 610,610,30,429,547,230476,20.5,7557,10101,460952,15113,1.92,2.33,,,,,,,,,,,,,,,,,,,,,,,,
D = 610,610,40,562,716,292333,20.2,9585,13017,584666,19169,1.92,1.78,,,,,,,,,,,,,,,,,,,,,,,,
D = 610,610,50,691,880,347570,19.9,11396,15722,695140,22791,1.92,1.45,,,,,,,,,,,,,,,,,,,,,,,,
D = 711,711,6,104,133,82568,24.9,2323,2982,165135,4645,2.23,9.59,,,,,,,,,,,,,,,,,,,,,,,,
D = 711,711,6.3,109,139,86586,24.9,2436,3129,173172,4871,2.23,9.13,,,,,,,,,,,,,,,,,,,,,,,,
D = 711,711,8,139,177,109162,24.9,3071,3954,218324,6141,2.23,7.21,,,,,,,,,,,,,,,,,,,,,,,,
D = 711,711,10,173,220,135301,24.8,3806,4914,270603,7612,2.23,5.78,,,,,,,,,,,,,,,,,,,,,,,,
D = 711,711,12,207,264,160991,24.7,4529,5864,321981,9057,2.23,4.83,,,,,,,,,,,,,,,,,,,,,,,,
D = 711,711,12.5,215,274,167343,24.7,4707,6099,334686,9415,2.23,4.64,,,,,,,,,,,,,,,,,,,,,,,,
D = 711,711,16,274,349,211040,24.6,5936,7730,422080,11873,2.23,3.65,,,,,,,,,,,,,,,,,,,,,,,,
D = 711,711,20,341,434,259351,24.4,7295,9552,518702,14591,2.23,2.93,,,,,,,,,,,,,,,,,,,,,,,,
D = 711,711,25,423,539,317357,24.3,8927,11770,634715,17854,2.23,2.36,,,,,,,,,,,,,,,,,,,,,,,,
D = 711,711,30,504,642,372790,24.1,10486,13922,745580,20973,2.23,1.98,,,,,,,,,,,,,,,,,,,,,,,,
D = 711,711,40,662,843,476242,23.8,13396,18031,952485,26793,2.23,1.51,,,,,,,,,,,,,,,,,,,,,,,,
D = 711,711,50,815,1038,570311,23.4,16043,21888,1140623,32085,2.23,1.23,,,,,,,,,,,,,,,,,,,,,,,,
D = 711,711,60,963,1227,655582,23.1,18441,25500,1311166,36882,2.23,1.04,,,,,,,,,,,,,,,,,,,,,,,,
D = 762,762,6,112,143,101813,26.7,2672,3429,203626,5345,2.39,8.94,,,,,,,,,,,,,,,,,,,,,,,,
D = 762,762,6.3,117,150,106777,26.7,2803,3598,213555,5605,2.39,8.52,,,,,,,,,,,,,,,,,,,,,,,,
D = 762,762,8,149,190,134683,26.7,3535,4548,269366,7070,2.39,6.72,,,,,,,,,,,,,,,,,,,,,,,,
D = 762,762,10,185,236,167028,26.6,4384,5655,334057,8768,2.39,5.39,,,,,,,,,,,,,,,,,,,,,,,,
D = 762,762,12,222,283,198855,26.5,5219,6751,397710,10439,2.39,4.51,,,,,,,,,,,,,,,,,,,,,,,,
D = 762,762,12.5,231,294,206731,26.5,5426,7023,413462,10852,2.39,4.33,,,,,,,,,,,,,,,,,,,,,,,,
D = 762,762,16,294,375,260973,26.4,6850,8906,521947,13699,2.39,3.4,,,,,,,,,,,,,,,,,,,,,,,,
D = 762,762,20,366,466,321083,26.2,8427,11014,642166,16855,2.39,2.73,,,,,,,,,,,,,,,,,,,,,,,,
D = 762,762,25,454,579,393461,26.1,10327,13584,786922,20654,2.39,2.2,,,,,,,,,,,,,,,,,,,,,,,,
D = 762,762,30,542,690,462853,25.9,12148,16084,925706,24297,2.39,1.85,,,,,,,,,,,,,,,,,,,,,,,,
D = 762,762,40,712,907,593010,25.6,15565,20873,1186021,31129,2.39,1.4,,,,,,,,,,,,,,,,,,,,,,,,
D = 762,762,50,878,1118,712207,25.2,18693,25389,1424414,37386,2.39,1.14,,,,,,,,,,,,,,,,,,,,,,,,
D =813,813,8,159,202,163900,28.5,4032,5184,327801,8064,2.55,6.3,,,,,,,,,,,,,,,,,,,,,,,,
D =813,813,10,198,252,203364,28.4,5003,6448,406728,10006,2.55,5.05,,,,,,,,,,,,,,,,,,,,,,,,
D =813,813,12,237,302,242234,28.3,5959,7700,484469,11918,2.55,4.22,,,,,,,,,,,,,,,,,,,,,,,,
D =813,813,12.5,247,314,251860,28.3,6196,8011,503721,12392,2.55,4.05,,,,,,,,,,,,,,,,,,,,,,,,
D =813,813,16,314,401,318221,28.2,7828,10165,636443,15657,2.55,3.18,,,,,,,,,,,,,,,,,,,,,,,,
D =813,813,20,391,498,391909,28,9641,12580,783819,19282,2.55,2.56,,,,,,,,,,,,,,,,,,,,,,,,
D =813,813,25,486,619,480856,27.9,11829,15529,961713,23658,2.55,2.06,,,,,,,,,,,,,,,,,,,,,,,,
D =813,813,30,579,738,566374,27.7,13933,18402,1132748,27866,2.55,1.73,,,,,,,,,,,,,,,,,,,,,,,,
D = 914,914,8,179,228,233651,32,5113,6567,467303,10225,2.87,5.59,,,,,,,,,,,,,,,,,,,,,,,,
D = 914,914,10,223,284,290147,32,6349,8172,580294,12698,2.87,4.49,,,,,,,,,,,,,,,,,,,,,,,,
D = 914,914,12,267,340,345889,31.9,7569,9764,691779,15137,2.87,3.75,,,,,,,,,,,,,,,,,,,,,,,,
D = 914,914,12.5,278,354,359708,31.9,7871,10159,719417,15742,2.87,3.6,,,,,,,,,,,,,,,,,,,,,,,,
D = 914,914,16,354,451,455141,31.8,9959,12904,910284,19919,2.87,2.82,,,,,,,,,,,,,,,,,,,,,,,,
D = 914,914,20,441,562,561461,31.6,12286,15987,1122922,24572,2.87,2.27,,,,,,,,,,,,,,,,,,,,,,,,
D = 914,914,25,548,698,690316,31.4,15105,19763,1380634,30211,2.87,1.82,,,,,,,,,,,,,,,,,,,,,,,,
D = 914,914,30,654,833,814775,31.3,17829,23453,1629550,35658,2.87,1.53,,,,,,,,,,,,,,,,,,,,,,,,
D = 1016,1016,8,199,253,321780,35.6,6334,8129,643560,12668,3.19,5.03,,,,,,,,,,,,,,,,,,,,,,,,
D = 1016,1016,10,248,316,399849,35.6,7871,10121,799699,15742,3.19,4.03,,,,,,,,,,,,,,,,,,,,,,,,
D = 1016,1016,12,297,378,476984,35.5,9389,12097,953969,18779,3.19,3.37,,,,,,,,,,,,,,,,,,,,,,,,
D = 1016,1016,12.5,309,394,496123,35.5,9766,12588,992246,19532,3.19,3.23,,,,,,,,,,,,,,,,,,,,,,,,
D = 1016,1016,16,395,503,628479,35.4,12372,16001,1256959,24743,3.19,2.53,,,,,,,,,,,,,,,,,,,,,,,,
D = 1016,1016,20,491,626,776323,35.2,15282,19843,1552648,30564,3.19,2.04,,,,,,,,,,,,,,,,,,,,,,,,
D = 1016,1016,25,611,778,956086,35,18821,24557,1912173,37641,3.19,1.64,,,,,,,,,,,,,,,,,,,,,,,,
D = 1016,1016,30,729,929,1130351,34.9,22251,29175,2260704,44502,3.19,1.37,,,,,,,,,,,,,,,,,,,,,,,,
D = 1067,1067,10,261,332,463792,37.4,8693,11173,927585,17387,3.35,3.84,,,,,,,,,,,,,,,,,,,,,,,,
D = 1067,1067,12,312,398,553419,37.3,10373,13357,1106840,20747,3.35,3.2,,,,,,,,,,,,,,,,,,,,,,,,
D = 1067,1067,12.5,325,414,575666,37.3,10790,13900,1151332,21581,3.35,3.08,,,,,,,,,,,,,,,,,,,,,,,,
D = 1067,1067,16,415,528,729606,37.2,13676,17675,1459213,27352,3.35,2.41,,,,,,,,,,,,,,,,,,,,,,,,
D = 1067,1067,20,516,658,901754,37,16903,21927,1803509,33805,3.35,1.94,,,,,,,,,,,,,,,,,,,,,,,,
D = 1067,1067,25,642,818,1111354,36.9,20831,27149,2222711,41663,3.35,1.56,,,,,,,,,,,,,,,,,,,,,,,,
D = 1067,1067,30,767,977,1314863,36.7,24646,32270,2629727,49292,3.35,1.3,,,,,,,,,,,,,,,,,,,,,,,,
D = 1168,1168,10,286,364,609842,40.9,10443,13410,1219686,20885,3.67,3.5,,,,,,,,,,,,,,,,,,,,,,,,
D = 1168,1168,12,342,436,728050,40.9,12467,16037,1456101,24933,3.67,2.92,,,,,,,,,,,,,,,,,,,,,,,,
D = 1168,1168,12.5,356,454,757409,40.9,12969,16690,1514818,25939,3.67,2.81,,,,,,,,,,,,,,,,,,,,,,,,
D = 1168,1168,16,455,579,960773,40.7,16452,21235,1921547,32903,3.67,2.2,,,,,,,,,,,,,,,,,,,,,,,,
D = 1168,1168,20,566,721,1188631,40.6,20353,26361,2377264,40707,3.67,1.77,,,,,,,,,,,,,,,,,,,,,,,,
D = 1168,1168,25,705,898,1466716,40.4,25115,32666,2933434,50230,3.67,1.42,,,,,,,,,,,,,,,,,,,,,,,,
D = 1219,1219,10,298,380,694014,42.7,11387,14617,1388029,22773,3.83,3.35,,,,,,,,,,,,,,,,,,,,,,,,
D = 1219,1219,12,357,455,828716,42.7,13597,17483,1657433,27193,3.83,2.8,,,,,,,,,,,,,,,,,,,,,,,,
D = 1219,1219,12.5,372,474,862180,42.7,14146,18196,1724362,28291,3.83,2.69,,,,,,,,,,,,,,,,,,,,,,,,
D = 1219,1219,16,475,605,1094091,42.5,17951,23157,2188183,35901,3.83,2.11,,,,,,,,,,,,,,,,,,,,,,,,
D = 1219,1219,20,591,753,1354153,42.4,22217,28755,2708309,44435,3.83,1.69,,,,,,,,,,,,,,,,,,,,,,,,
D = 1219,1219,25,736,938,1671871,42.2,27430,35646,3343746,54860,3.83,1.36,,,,,,,,,,,,,,,,,,,,,,,,
,,,,,,,,,,,,,,,,,,,,,,,,,,,,,,,,,,,,
Circolari a freddo,D,t ,M ,A ,I ,i ,Wel ,Wpl ,It ,Ct ,Sup. est.,L per ton,,,,,,,,,,,,,,,,,,,,,,,,
,[mm] ,[mm] ,[kg/m] ,[cm2] ,[cm4] ,[cm] ,[cm3] ,[cm3] ,[cm4] ,[cm3] ,[m2/m] ,[m/t] ,,,,,,,,,,,,,,,,,,,,,,,,
,1219,20,591,753,1354155,42.4,22217,28755,2708309,44435,3.83,1.69,220,,,,,,,,,,,,,,,,,,,,,,,
"D = 21,3",21.3,2,0.95,1.21,0.571,0.686,0.536,0.748,1.14,1.07,0.067,1050.5,,,,,,,,,,,,,,,,,,,,,,,,
"D = 21,3",21.3,2.5,1.16,1.48,0.664,0.671,0.623,0.889,1.33,1.25,0.067,862.7,,,,,,,,,,,,,,,,,,,,,,,,
"D = 21,3",21.3,3,1.35,1.72,0.741,0.656,0.696,1.01,1.48,1.39,0.067,738.6,,,,,,,,,,,,,,,,,,,,,,,,
"D = 26,9",26.9,2,1.23,1.56,1.22,0.883,0.907,1.24,2.44,1.81,0.085,814.2,,,,,,,,,,,,,,,,,,,,,,,,
"D = 26,9",26.9,2.5,1.5,1.92,1.44,0.867,1.07,1.49,2.88,2.14,0.085,664.7,,,,,,,,,,,,,,,,,,,,,,,,
"D = 26,9",26.9,3,1.77,2.25,1.63,0.852,1.21,1.72,3.27,2.43,0.085,565.5,,,,,,,,,,,,,,,,,,,,,,,,
"D = 33,7",33.7,2,1.56,1.99,2.51,1.12,1.49,2.01,5.02,2.98,0.106,639.6,,,,,,,,,,,,,,,,,,,,,,,,
"D = 33,7",33.7,2.5,1.92,2.45,3,1.11,1.78,2.44,6,3.56,0.106,519.9,,,,,,,,,,,,,,,,,,,,,,,,
"D = 33,7",33.7,3,2.27,2.89,3.44,1.09,2.04,2.84,6.88,4.08,0.106,440.3,,,,,,,,,,,,,,,,,,,,,,,,
"D = 42,4",42.4,2,1.99,2.54,5.19,1.43,2.45,3.27,10.4,4.9,0.133,501.8,,,,,,,,,,,,,,,,,,,,,,,,
"D = 42,4",42.4,2.5,2.46,3.13,6.26,1.41,2.95,3.99,12.5,5.91,0.133,406.5,,,,,,,,,,,,,,,,,,,,,,,,
"D = 42,4",42.4,3,2.91,3.71,7.25,1.4,3.42,4.67,14.5,6.84,0.133,343.1,,,,,,,,,,,,,,,,,,,,,,,,
"D = 42,4",42.4,4,3.79,4.83,8.99,1.36,4.24,5.92,18,8.48,0.133,264,,,,,,,,,,,,,,,,,,,,,,,,
"D = 48,3",48.3,2,2.28,2.91,7.81,1.64,3.23,4.29,15.6,6.47,0.152,437.9,,,,,,,,,,,,,,,,,,,,,,,,
"D = 48,3",48.3,2.5,2.82,3.6,9.46,1.62,3.92,5.25,18.9,7.83,0.152,354.1,,,,,,,,,,,,,,,,,,,,,,,,
"D = 48,3",48.3,3,3.35,4.27,11,1.61,4.55,6.17,22,9.11,0.152,298.4,,,,,,,,,,,,,,,,,,,,,,,,
"D = 48,3",48.3,4,4.37,5.57,13.8,1.57,5.7,7.87,27.5,11.4,0.152,228.8,,,,,,,,,,,,,,,,,,,,,,,,
"D = 48,3",48.3,5,5.34,6.8,16.2,1.54,6.69,9.42,32.3,13.4,0.152,187.3,,,,,,,,,,,,,,,,,,,,,,,,
"D = 60,3",60.3,2,2.88,3.66,15.6,2.06,5.17,6.8,31.2,10.3,0.189,347.8,,,,,,,,,,,,,,,,,,,,,,,,
"D = 60,3",60.3,2.5,3.56,4.54,19,2.05,6.3,8.36,38,12.6,0.189,280.6,,,,,,,,,,,,,,,,,,,,,,,,
"D = 60,3",60.3,3,4.24,5.4,22.2,2.03,7.37,9.86,44.4,14.7,0.189,235.9,,,,,,,,,,,,,,,,,,,,,,,,
"D = 60,3",60.3,4,5.55,7.07,28.2,2,9.34,12.7,56.3,18.7,0.189,180.1,,,,,,,,,,,,,,,,,,,,,,,,
"D = 60,3",60.3,5,6.82,8.69,33.5,1.96,11.1,15.3,67,22.2,0.189,146.7,,,,,,,,,,,,,,,,,,,,,,,,
"D = 76,1",76.1,2,3.65,4.66,32,2.62,8.4,11,64,16.8,0.239,273.6,,,,,,,,,,,,,,,,,,,,,,,,
"D = 76,1",76.1,2.5,4.54,5.78,39.2,2.6,10.3,13.5,78.4,20.6,0.239,220.4,,,,,,,,,,,,,,,,,,,,,,,,
"D = 76,1",76.1,3,5.41,6.89,46.1,2.59,12.1,16,92.2,24.2,0.239,184.9,,,,,,,,,,,,,,,,,,,,,,,,
"D = 76,1",76.1,4,7.11,9.06,59.1,2.55,15.5,20.8,118,31,0.239,140.6,,,,,,,,,,,,,,,,,,,,,,,,
"D = 76,1",76.1,5,8.77,11.2,70.9,2.52,18.6,25.3,142,37.3,0.239,114.1,,,,,,,,,,,,,,,,,,,,,,,,
"D = 76,1",76.1,6,10.4,13.2,81.8,2.49,21.5,29.6,164,43,0.239,96.4,,,,,,,,,,,,,,,,,,,,,,,,
"D = 76,1",76.1,6.3,10.8,13.8,84.8,2.48,22.3,30.8,170,44.6,0.239,92.2,,,,,,,,,,,,,,,,,,,,,,,,
"D = 88,9",88.9,2,4.29,5.46,51.6,3.07,11.6,15.1,103,23.2,0.279,233.3,,,,,,,,,,,,,,,,,,,,,,,,
"D = 88,9",88.9,2.5,5.33,6.79,63.4,3.06,14.3,18.7,127,28.5,0.279,187.7,,,,,,,,,,,,,,,,,,,,,,,,
"D = 88,9",88.9,3,6.36,8.1,74.8,3.04,16.8,22.1,150,33.6,0.279,157.3,,,,,,,,,,,,,,,,,,,,,,,,
"D = 88,9",88.9,4,8.38,10.7,96.3,3,21.7,28.9,193,43.3,0.279,119.4,,,,,,,,,,,,,,,,,,,,,,,,
"D = 88,9",88.9,5,10.3,13.2,116,2.97,26.2,35.2,233,52.4,0.279,96.7,,,,,,,,,,,,,,,,,,,,,,,,
"D = 88,9",88.9,6,12.3,15.6,135,2.94,30.4,41.3,270,60.7,0.279,81.5,,,,,,,,,,,,,,,,,,,,,,,,
"D = 88,9",88.9,6.3,12.8,16.3,140,2.93,31.5,43.1,280,63.1,0.279,77.9,,,,,,,,,,,,,,,,,,,,,,,,
"D = 101,6",101.6,2,4.91,6.26,77.6,3.52,15.3,19.8,155,30.6,0.319,203.6,,,,,,,,,,,,,,,,,,,,,,,,
"D = 101,6",101.6,2.5,6.11,7.78,95.6,3.5,18.8,24.6,191,37.6,0.319,163.7,,,,,,,,,,,,,,,,,,,,,,,,
"D = 101,6",101.6,3,7.29,9.29,113,3.49,22.3,29.2,226,44.5,0.319,137.1,,,,,,,,,,,,,,,,,,,,,,,,
"D = 101,6",101.6,4,9.63,12.3,146,3.45,28.8,38.1,293,57.6,0.319,103.9,,,,,,,,,,,,,,,,,,,,,,,,
"D = 101,6",101.6,5,11.9,15.2,177,3.42,34.9,46.7,355,69.9,0.319,84,,,,,,,,,,,,,,,,,,,,,,,,
"D = 101,6",101.6,6,14.1,18,207,3.39,40.7,54.9,413,81.4,0.319,70.7,,,,,,,,,,,,,,,,,,,,,,,,
"D = 101,6",101.6,6.3,14.8,18.9,215,3.38,42.3,57.3,430,84.7,0.319,67.5,,,,,,,,,,,,,,,,,,,,,,,,
"D = 114,3",114.3,2.5,6.89,8.78,137,3.95,24,31.3,275,48,0.359,145.1,,,,,,,,,,,,,,,,,,,,,,,,
"D = 114,3",114.3,3,8.23,10.5,163,3.94,28.4,37.2,325,56.9,0.359,121.4,,,,,,,,,,,,,,,,,,,,,,,,
"D = 114,3",114.3,4,10.9,13.9,211,3.9,36.9,48.7,422,73.9,0.359,91.9,,,,,,,,,,,,,,,,,,,,,,,,
"D = 114,3",114.3,5,13.5,17.2,257,3.87,45,59.8,514,89.9,0.359,74.2,,,,,,,,,,,,,,,,,,,,,,,,
"D = 114,3",114.3,6,16,20.4,300,3.83,52.5,70.4,600,105,0.359,62.4,,,,,,,,,,,,,,,,,,,,,,,,
"D = 114,3",114.3,6.3,16.8,21.4,313,3.82,54.7,73.6,625,109,0.359,59.6,,,,,,,,,,,,,,,,,,,,,,,,
"D = 114,3",114.3,8,21,26.7,379,3.77,66.4,90.6,759,133,0.359,47.7,,,,,,,,,,,,,,,,,,,,,,,,
"D = 139,7",139.7,3,10.1,12.9,301,4.83,43.1,56.1,602,86.2,0.439,98.9,,,,,,,,,,,,,,,,,,,,,,,,
"D = 139,7",139.7,4,13.4,17.1,393,4.8,56.2,73.7,786,112,0.439,74.7,,,,,,,,,,,,,,,,,,,,,,,,
"D = 139,7",139.7,5,16.6,21.2,481,4.77,68.8,90.8,961,138,0.439,60.2,,,,,,,,,,,,,,,,,,,,,,,,
"D = 139,7",139.7,6,19.8,25.2,564,4.73,80.8,107,1129,162,0.439,50.5,,,,,,,,,,,,,,,,,,,,,,,,
"D = 139,7",139.7,6.3,20.7,26.4,589,4.72,84.3,112,1177,169,0.439,48.2,,,,,,,,,,,,,,,,,,,,,,,,
"D = 139,7",139.7,8,26,33.1,720,4.66,103,139,1441,206,0.439,38.5,,,,,,,,,,,,,,,,,,,,,,,,
"D = 139,7",139.7,10,32,40.7,862,4.6,123,169,1724,247,0.439,31.3,,,,,,,,,,,,,,,,,,,,,,,,
"D = 168,3",168.3,3,12.2,15.6,532,5.85,63.3,82,1065,127,0.529,81.8,,,,,,,,,,,,,,,,,,,,,,,,
"D = 168,3",168.3,4,16.2,20.6,697,5.81,82.8,108,1394,166,0.529,61.7,,,,,,,,,,,,,,,,,,,,,,,,
"D = 168,3",168.3,5,20.1,25.7,856,5.78,102,133,1712,203,0.529,49.7,,,,,,,,,,,,,,,,,,,,,,,,
"D = 168,3",168.3,6,24,30.6,1009,5.74,120,158,2017,240,0.529,41.6,,,,,,,,,,,,,,,,,,,,,,,,
"D = 168,3",168.3,6.3,25.2,32.1,1053,5.73,125,165,2107,250,0.529,39.7,,,,,,,,,,,,,,,,,,,,,,,,
"D = 168,3",168.3,8,31.6,40.3,1297,5.67,154,206,2595,308,0.529,31.6,,,,,,,,,,,,,,,,,,,,,,,,
"D = 168,3",168.3,10,39,49.7,1564,5.61,186,251,3128,372,0.529,25.6,,,,,,,,,,,,,,,,,,,,,,,,
"D = 177,8",177.8,4,17.1,21.8,825,6.15,92.8,121,1650,186,0.559,58.3,,,,,,,,,,,,,,,,,,,,,,,,
"D = 177,8",177.8,5,21.3,27.1,1014,6.11,114,149,2028,228,0.559,46.9,,,,,,,,,,,,,,,,,,,,,,,,
"D = 177,8",177.8,6,25.4,32.4,1196,6.08,135,177,2392,269,0.559,39.3,,,,,,,,,,,,,,,,,,,,,,,,
"D = 177,8",177.8,6.3,26.6,33.9,1250,6.07,141,185,2499,281,0.559,37.5,,,,,,,,,,,,,,,,,,,,,,,,
"D = 177,8",177.8,8,33.5,42.7,1541,6.01,173,231,3083,347,0.559,29.9,,,,,,,,,,,,,,,,,,,,,,,,
"D = 177,8",177.8,10,41.4,52.7,1862,5.94,209,282,3724,419,0.559,24.2,,,,,,,,,,,,,,,,,,,,,,,,
"D = 177,8",177.8,12,49.1,62.5,2159,5.88,243,330,4318,486,0.559,20.4,,,,,,,,,,,,,,,,,,,,,,,,
"D = 177,8",177.8,12.5,51,64.9,2230,5.86,251,342,4460,502,0.559,19.6,,,,,,,,,,,,,,,,,,,,,,,,
"D = 193,7",193.7,4,18.7,23.8,1073,6.71,111,144,2146,222,0.609,53.4,,,,,,,,,,,,,,,,,,,,,,,,
"D = 193,7",193.7,5,23.3,29.6,1320,6.67,136,178,2640,273,0.609,43,,,,,,,,,,,,,,,,,,,,,,,,
"D = 193,7",193.7,6,27.8,35.4,1560,6.64,161,211,3119,322,0.609,36,,,,,,,,,,,,,,,,,,,,,,,,
"D = 193,7",193.7,6.3,29.1,37.1,1630,6.63,168,221,3260,337,0.609,34.3,,,,,,,,,,,,,,,,,,,,,,,,
"D = 193,7",193.7,8,36.6,46.7,2016,6.57,208,276,4031,416,0.609,27.3,,,,,,,,,,,,,,,,,,,,,,,,
"D = 193,7",193.7,10,45.3,57.7,2442,6.5,252,338,4883,504,0.609,22.1,,,,,,,,,,,,,,,,,,,,,,,,
"D = 193,7",193.7,12,53.8,68.5,2839,6.44,293,397,5678,586,0.609,18.6,,,,,,,,,,,,,,,,,,,,,,,,
"D = 193,7",193.7,12.5,55.9,71.2,2934,6.42,303,411,5869,606,0.609,17.9,,,,,,,,,,,,,,,,,,,,,,,,
"D = 219,1",219.1,4,21.2,27,1564,7.61,143,185,3128,286,0.688,47.1,,,,,,,,,,,,,,,,,,,,,,,,
"D = 219,1",219.1,5,26.4,33.6,1928,7.57,176,229,3856,352,0.688,37.9,,,,,,,,,,,,,,,,,,,,,,,,
"D = 219,1",219.1,6,31.5,40.2,2282,7.54,208,273,4564,417,0.688,31.7,,,,,,,,,,,,,,,,,,,,,,,,
"D = 219,1",219.1,6.3,33.1,42.1,2386,7.53,218,285,4772,436,0.688,30.2,,,,,,,,,,,,,,,,,,,,,,,,
"D = 219,1",219.1,8,41.6,53.1,2960,7.47,270,357,5919,540,0.688,24,,,,,,,,,,,,,,,,,,,,,,,,
"D = 219,1",219.1,10,51.6,65.7,3598,7.4,328,438,7197,657,0.688,19.4,,,,,,,,,,,,,,,,,,,,,,,,
"D = 219,1",219.1,12,61.3,78.1,4200,7.33,383,515,8400,767,0.688,16.3,,,,,,,,,,,,,,,,,,,,,,,,
"D = 219,1",219.1,12.5,63.7,81.1,4345,7.32,397,534,8689,793,0.688,15.7,,,,,,,,,,,,,,,,,,,,,,,,
"D = 244,5",244.5,5,29.5,37.6,2699,8.47,221,287,5397,441,0.768,33.9,,,,,,,,,,,,,,,,,,,,,,,,
"D = 244,5",244.5,6,35.3,45,3199,8.43,262,341,6397,523,0.768,28.3,,,,,,,,,,,,,,,,,,,,,,,,
"D = 244,5",244.5,6.3,37,47.1,3346,8.42,274,358,6692,547,0.768,27,,,,,,,,,,,,,,,,,,,,,,,,
"D = 244,5",244.5,8,46.7,59.4,4160,8.37,340,448,8321,681,0.768,21.4,,,,,,,,,,,,,,,,,,,,,,,,
"D = 244,5",244.5,10,57.8,73.7,5073,8.3,415,550,10146,830,0.768,17.3,,,,,,,,,,,,,,,,,,,,,,,,
"D = 244,5",244.5,12,68.8,87.7,5938,8.23,486,649,11877,972,0.768,14.5,,,,,,,,,,,,,,,,,,,,,,,,
"D = 244,5",244.5,12.5,71.5,91.1,6147,8.21,503,673,12295,1006,0.768,14,,,,,,,,,,,,,,,,,,,,,,,,
D = 273,273,5,33,42.1,3781,9.48,277,359,7562,554,0.858,30.3,,,,,,,,,,,,,,,,,,,,,,,,
D = 273,273,6,39.5,50.3,4487,9.44,329,428,8974,657,0.858,25.3,,,,,,,,,,,,,,,,,,,,,,,,
D = 273,273,6.3,41.4,52.8,4696,9.43,344,448,9392,688,0.858,24.1,,,,,,,,,,,,,,,,,,,,,,,,
D = 273,273,8,52.3,66.6,5852,9.37,429,562,11703,857,0.858,19.1,,,,,,,,,,,,,,,,,,,,,,,,
D = 273,273,10,64.9,82.6,7154,9.31,524,692,14308,1048,0.858,15.4,,,,,,,,,,,,,,,,,,,,,,,,
D = 273,273,12,77.2,98.4,8396,9.24,615,818,16792,1230,0.858,12.9,,,,,,,,,,,,,,,,,,,,,,,,
D = 273,273,12.5,80.3,102,8697,9.22,637,849,17395,1274,0.858,12.5,,,,,,,,,,,,,,,,,,,,,,,,
"D = 323,9",323.9,5,39.3,50.1,6369,11.3,393,509,12739,787,1.02,25.4,,,,,,,,,,,,,,,,,,,,,,,,
"D = 323,9",323.9,6,47,59.9,7572,11.2,468,606,15145,935,1.02,21.3,,,,,,,,,,,,,,,,,,,,,,,,
"D = 323,9",323.9,6.3,49.3,62.9,7929,11.2,490,636,15858,979,1.02,20.3,,,,,,,,,,,,,,,,,,,,,,,,
"D = 323,9",323.9,8,62.3,79.4,9910,11.2,612,799,19820,1224,1.02,16,,,,,,,,,,,,,,,,,,,,,,,,
"D = 323,9",323.9,10,77.4,98.6,12158,11.1,751,986,24317,1501,1.02,12.9,,,,,,,,,,,,,,,,,,,,,,,,
"D = 323,9",323.9,12,92.3,118,14320,11,884,1168,28639,1768,1.02,10.8,,,,,,,,,,,,,,,,,,,,,,,,
"D = 323,9",323.9,12.5,96,122,14847,11,917,1213,29693,1833,1.02,10.4,,,,,,,,,,,,,,,,,,,,,,,,
"D = 355,6",355.6,5,43.2,55.1,8464,12.4,476,615,16927,952,1.12,23.1,,,,,,,,,,,,,,,,,,,,,,,,
"D = 355,6",355.6,6,51.7,65.9,10071,12.4,566,733,20141,1133,1.12,19.3,,,,,,,,,,,,,,,,,,,,,,,,
"D = 355,6",355.6,6.3,54.3,69.1,10547,12.4,593,769,21094,1186,1.12,18.4,,,,,,,,,,,,,,,,,,,,,,,,
"D = 355,6",355.6,8,68.6,87.4,13201,12.3,742,967,26403,1485,1.12,14.6,,,,,,,,,,,,,,,,,,,,,,,,
"D = 355,6",355.6,10,85.2,109,16223,12.2,912,1195,32447,1825,1.12,11.7,,,,,,,,,,,,,,,,,,,,,,,,
"D = 355,6",355.6,12,102,130,19139,12.2,1076,1417,38279,2153,1.12,9.83,,,,,,,,,,,,,,,,,,,,,,,,
"D = 355,6",355.6,12.5,106,135,19852,12.1,1117,1472,39704,2233,1.12,9.45,,,,,,,,,,,,,,,,,,,,,,,,
"D = 355,6",355.6,16,134,171,24663,12,1387,1847,49326,2774,1.12,7.46,,,,,,,,,,,,,,,,,,,,,,,,
"D = 355,6",355.6,20,166,211,29792,11.9,1676,2255,59583,3351,1.12,6.04,,,,,,,,,,,,,,,,,,,,,,,,
"D = 406,4",406.4,6,59.2,75.5,15128,14.2,745,962,30257,1489,1.28,16.9,,,,,,,,,,,,,,,,,,,,,,,,
"D = 406,4",406.4,6.3,62.2,79.2,15849,14.1,780,1009,31699,1560,1.28,16.1,,,,,,,,,,,,,,,,,,,,,,,,
"D = 406,4",406.4,8,78.6,100,19874,14.1,978,1270,39748,1956,1.28,12.7,,,,,,,,,,,,,,,,,,,,,,,,
"D = 406,4",406.4,10,97.8,125,24476,14,1205,1572,48952,2409,1.28,10.2,,,,,,,,,,,,,,,,,,,,,,,,
"D = 406,4",406.4,12,117,149,28937,14,1424,1867,57874,2848,1.28,8.57,,,,,,,,,,,,,,,,,,,,,,,,
"D = 406,4",406.4,12.5,121,155,30031,13.9,1478,1940,60061,2956,1.28,8.24,,,,,,,,,,,,,,,,,,,,,,,,
"D = 406,4",406.4,16,154,196,37449,13.8,1843,2440,74898,3686,1.28,6.49,,,,,,,,,,,,,,,,,,,,,,,,
"D = 406,4",406.4,20,191,243,45432,13.7,2236,2989,90864,4472,1.28,5.25,,,,,,,,,,,,,,,,,,,,,,,,
"D = 406,4",406.4,25,235,300,54702,13.5,2692,3642,109404,5384,1.28,4.25,,,,,,,,,,,,,,,,,,,,,,,,
D = 457,457,6,66.7,85,21618,15.9,946,1220,43236,1892,1.44,15,,,,,,,,,,,,,,,,,,,,,,,,
D = 457,457,6.3,70,89.2,22654,15.9,991,1280,45308,1983,1.44,14.3,,,,,,,,,,,,,,,,,,,,,,,,
D = 457,457,8,88.6,113,28446,15.9,1245,1613,56893,2490,1.44,11.3,,,,,,,,,,,,,,,,,,,,,,,,
D = 457,457,10,110,140,35091,15.8,1536,1998,70183,3071,1.44,9.07,,,,,,,,,,,,,,,,,,,,,,,,
D = 457,457,12,132,168,41556,15.7,1819,2377,83113,3637,1.44,7.59,,,,,,,,,,,,,,,,,,,,,,,,
D = 457,457,12.5,137,175,43145,15.7,1888,2470,86290,3776,1.44,7.3,,,,,,,,,,,,,,,,,,,,,,,,
D = 457,457,16,174,222,53959,15.6,2361,3113,107919,4723,1.44,5.75,,,,,,,,,,,,,,,,,,,,,,,,
D = 457,457,20,216,275,65681,15.5,2874,3822,131363,5749,1.44,4.64,,,,,,,,,,,,,,,,,,,,,,,,
D = 457,457,25,266,339,79415,15.3,3475,4671,158830,6951,1.44,3.75,,,,,,,,,,,,,,,,,,,,,,,,
D = 457,457,30,316,402,92173,15.1,4034,5479,184346,8068,1.44,3.17,,,,,,,,,,,,,,,,,,,,,,,,
D = 508,508,6,74.3,94.6,29812,17.7,1174,1512,59623,2347,1.6,13.5,,,,,,,,,,,,,,,,,,,,,,,,
D = 508,508,6.3,77.9,99.3,31246,17.7,1230,1586,62493,2460,1.6,12.8,,,,,,,,,,,,,,,,,,,,,,,,
D = 508,508,8,98.6,126,39280,17.7,1546,2000,78560,3093,1.6,10.1,,,,,,,,,,,,,,,,,,,,,,,,
D = 508,508,10,123,156,48520,17.6,1910,2480,97040,3820,1.6,8.14,,,,,,,,,,,,,,,,,,,,,,,,
D = 508,508,12,147,187,57536,17.5,2265,2953,115072,4530,1.6,6.81,,,,,,,,,,,,,,,,,,,,,,,,
D = 508,508,12.5,153,195,59755,17.5,2353,3070,119511,4705,1.6,6.55,,,,,,,,,,,,,,,,,,,,,,,,
D = 508,508,16,194,247,74909,17.4,2949,3874,149818,5898,1.6,5.15,,,,,,,,,,,,,,,,,,,,,,,,
D = 508,508,20,241,307,91428,17.3,3600,4766,182856,7199,1.6,4.15,,,,,,,,,,,,,,,,,,,,,,,,
D = 508,508,25,298,379,110918,17.1,4367,5837,221837,8734,1.6,3.36,,,,,,,,,,,,,,,,,,,,,,,,
D = 508,508,30,354,451,129173,16.9,5086,6864,258346,10171,1.6,2.83,,,,,,,,,,,,,,,,,,,,,,,,
D = 610,610,6,89.4,114,51924,21.4,1702,2189,103847,3405,1.92,11.2,,,,,,,,,,,,,,,,,,,,,,,,
D = 610,610,6.3,93.8,119,54439,21.3,1785,2296,108878,3570,1.92,10.7,,,,,,,,,,,,,,,,,,,,,,,,
D = 610,610,8,119,151,68551,21.3,2248,2899,137103,4495,1.92,8.42,,,,,,,,,,,,,,,,,,,,,,,,
D = 610,610,10,148,188,84847,21.2,2782,3600,169693,5564,1.92,6.76,,,,,,,,,,,,,,,,,,,,,,,,
D = 610,610,12,177,225,100814,21.1,3305,4292,201627,6611,1.92,5.65,,,,,,,,,,,,,,,,,,,,,,,,
D = 610,610,12.5,184,235,104755,21.1,3435,4463,209509,6869,1.92,5.43,,,,,,,,,,,,,,,,,,,,,,,,
D = 610,610,16,234,299,131781,21,4321,5647,263563,8641,1.92,4.27,,,,,,,,,,,,,,,,,,,,,,,,
D = 610,610,20,291,371,161490,20.9,5295,6965,322979,10589,1.92,3.44,,,,,,,,,,,,,,,,,,,,,,,,
D = 610,610,25,361,459,196906,20.7,6456,8561,393813,12912,1.92,2.77,,,,,,,,,,,,,,,,,,,,,,,,
D = 610,610,30,429,547,230476,20.5,7557,10101,460952,15113,1.92,2.33,,,,,,,,,,,,,,,,,,,,,,,,
D = 711,711,6,104,133,82568,24.9,2323,2982,165135,4645,2.23,9.59,,,,,,,,,,,,,,,,,,,,,,,,
D = 711,711,6.3,109,139,86586,24.9,2436,3129,173172,4871,2.23,9.13,,,,,,,,,,,,,,,,,,,,,,,,
D = 711,711,8,139,177,109162,24.9,3071,3954,218324,6141,2.23,7.21,,,,,,,,,,,,,,,,,,,,,,,,
D = 711,711,10,173,220,135301,24.8,3806,4914,270603,7612,2.23,5.78,,,,,,,,,,,,,,,,,,,,,,,,
D = 711,711,12,207,264,160991,24.7,4529,5864,321981,9057,2.23,4.83,,,,,,,,,,,,,,,,,,,,,,,,
D = 711,711,12.5,215,274,167343,24.7,4707,6099,334686,9415,2.23,4.64,,,,,,,,,,,,,,,,,,,,,,,,
D = 711,711,16,274,349,211040,24.6,5936,7730,422080,11873,2.23,3.65,,,,,,,,,,,,,,,,,,,,,,,,
D = 711,711,20,341,434,259351,24.4,7295,9552,518702,14591,2.23,2.93,,,,,,,,,,,,,,,,,,,,,,,,
D = 711,711,25,423,539,317357,24.3,8927,11770,634715,17854,2.23,2.36,,,,,,,,,,,,,,,,,,,,,,,,
D = 711,711,30,504,642,372790,24.1,10486,13922,745580,20973,2.23,1.98,,,,,,,,,,,,,,,,,,,,,,,,
D = 762,762,6,112,143,101813,26.7,2672,3429,203626,5345,2.39,8.94,,,,,,,,,,,,,,,,,,,,,,,,
D = 762,762,6.3,117,150,106777,26.7,2803,3598,213555,5605,2.39,8.52,,,,,,,,,,,,,,,,,,,,,,,,
D = 762,762,8,149,190,134683,26.7,3535,4548,269366,7070,2.39,6.72,,,,,,,,,,,,,,,,,,,,,,,,
D = 762,762,10,185,236,167028,26.6,4384,5655,334057,8768,2.39,5.39,,,,,,,,,,,,,,,,,,,,,,,,
D = 762,762,12,222,283,198855,26.5,5219,6751,397710,10439,2.39,4.51,,,,,,,,,,,,,,,,,,,,,,,,
D = 762,762,12.5,231,294,206731,26.5,5426,7023,413462,10852,2.39,4.33,,,,,,,,,,,,,,,,,,,,,,,,
D = 762,762,16,294,375,260973,26.4,6850,8906,521947,13699,2.39,3.4,,,,,,,,,,,,,,,,,,,,,,,,
D = 762,762,20,366,466,321083,26.2,8427,11014,642166,16855,2.39,2.73,,,,,,,,,,,,,,,,,,,,,,,,
D = 762,762,25,454,579,393461,26.1,10327,13584,786922,20654,2.39,2.2,,,,,,,,,,,,,,,,,,,,,,,,
D = 762,762,30,542,690,462853,25.9,12148,16084,925706,24297,2.39,1.85,,,,,,,,,,,,,,,,,,,,,,,,
D = 813,813,8,159,202,163901,28.5,4032,5184,327801,8064,2.55,6.3,,,,,,,,,,,,,,,,,,,,,,,,
D = 813,813,10,198,252,203364,28.4,5003,6448,406728,10006,2.55,5.05,,,,,,,,,,,,,,,,,,,,,,,,
D = 813,813,12,237,302,242235,28.3,5959,7700,484469,11918,2.55,4.22,,,,,,,,,,,,,,,,,,,,,,,,
D = 813,813,12.5,247,314,251860,28.3,6196,8011,503721,12392,2.55,4.05,,,,,,,,,,,,,,,,,,,,,,,,
D = 813,813,16,314,401,318222,28.2,7828,10165,636443,15657,2.55,3.18,,,,,,,,,,,,,,,,,,,,,,,,
D = 813,813,20,391,498,391909,28,9641,12580,783819,19282,2.55,2.56,,,,,,,,,,,,,,,,,,,,,,,,
D = 813,813,25,486,619,480856,27.9,11829,15529,961713,23658,2.55,2.06,,,,,,,,,,,,,,,,,,,,,,,,
D = 813,813,30,579,738,566374,27.7,13933,18402,1132748,27866,2.55,1.73,,,,,,,,,,,,,,,,,,,,,,,,
D = 914,914,8,179,228,233651,32,5113,6567,467303,10225,2.87,5.59,,,,,,,,,,,,,,,,,,,,,,,,
D = 914,914,10,223,284,290147,32,6349,8172,580294,12698,2.87,4.49,,,,,,,,,,,,,,,,,,,,,,,,
D = 914,914,12,267,340,345890,31.9,7569,9764,691779,15137,2.87,3.75,,,,,,,,,,,,,,,,,,,,,,,,
D = 914,914,12.5,278,354,359708,31.9,7871,10159,719417,15742,2.87,3.6,,,,,,,,,,,,,,,,,,,,,,,,
D = 914,914,16,354,451,455142,31.8,9959,12904,910284,19919,2.87,2.82,,,,,,,,,,,,,,,,,,,,,,,,
D = 914,914,20,441,562,561461,31.6,12286,15987,1122922,24572,2.87,2.27,,,,,,,,,,,,,,,,,,,,,,,,
D = 914,914,25,548,698,690317,31.4,15105,19763,1380634,30211,2.87,1.82,,,,,,,,,,,,,,,,,,,,,,,,
D = 914,914,30,654,833,814775,31.3,17829,23453,1629550,35658,2.87,1.53,,,,,,,,,,,,,,,,,,,,,,,,
D = 1016,1016,8,199,253,321780,35.6,6334,8129,643560,12668,3.19,5.03,,,,,,,,,,,,,,,,,,,,,,,,
D = 1016,1016,10,248,316,399850,35.6,7871,10121,799699,15742,3.19,4.03,,,,,,,,,,,,,,,,,,,,,,,,
D = 1016,1016,12,297,378,476985,35.5,9389,12097,953969,18779,3.19,3.37,,,,,,,,,,,,,,,,,,,,,,,,
D = 1016,1016,12.5,309,394,496123,35.5,9766,12588,992246,19532,3.19,3.23,,,,,,,,,,,,,,,,,,,,,,,,
D = 1016,1016,16,395,503,628479,35.4,12372,16001,1256959,24743,3.19,2.53,,,,,,,,,,,,,,,,,,,,,,,,
D = 1016,1016,20,491,626,776324,35.2,15282,19843,1552648,30564,3.19,2.04,,,,,,,,,,,,,,,,,,,,,,,,
D = 1016,1016,25,611,778,956086,35,18821,24557,1912173,37641,3.19,1.64,,,,,,,,,,,,,,,,,,,,,,,,
D = 1016,1016,30,729,929,1130352,34.9,22251,29175,2260704,44502,3.19,1.37,,,,,,,,,,,,,,,,,,,,,,,,
D = 1067,1067,10,261,332,463792,37.4,8693,11173,927585,17387,3.35,3.84,,,,,,,,,,,,,,,,,,,,,,,,
D = 1067,1067,12,312,398,553420,37.3,10373,13357,1106840,20747,3.35,3.2,,,,,,,,,,,,,,,,,,,,,,,,
D = 1067,1067,12.5,325,414,575666,37.3,10790,13900,1151332,21581,3.35,3.08,,,,,,,,,,,,,,,,,,,,,,,,
D = 1067,1067,16,415,528,729606,37.2,13676,17675,1459213,27352,3.35,2.41,,,,,,,,,,,,,,,,,,,,,,,,
D = 1067,1067,20,516,658,901755,37,16903,21927,1803509,33805,3.35,1.94,,,,,,,,,,,,,,,,,,,,,,,,
D = 1067,1067,25,642,818,1111355,36.9,20831,27149,2222711,41663,3.35,1.56,,,,,,,,,,,,,,,,,,,,,,,,
D = 1067,1067,30,767,977,1314864,36.7,24646,32270,2629727,49292,3.35,1.3,,,,,,,,,,,,,,,,,,,,,,,,
D = 1168,1168,10,286,364,609843,40.9,10443,13410,1219686,20885,3.67,3.5,,,,,,,,,,,,,,,,,,,,,,,,
D = 1168,1168,12,342,436,728050,40.9,12467,16037,1456101,24933,3.67,2.92,,,,,,,,,,,,,,,,,,,,,,,,
D = 1168,1168,12.5,356,454,757409,40.9,12969,16690,1514818,25939,3.67,2.81,,,,,,,,,,,,,,,,,,,,,,,,
D = 1168,1168,16,455,579,960774,40.7,16452,21235,1921547,32903,3.67,2.2,,,,,,,,,,,,,,,,,,,,,,,,
D = 1168,1168,20,566,721,1188632,40.6,20353,26361,2377264,40707,3.67,1.77,,,,,,,,,,,,,,,,,,,,,,,,
D = 1168,1168,25,705,898,1466717,40.4,25115,32666,2933434,50230,3.67,1.42,,,,,,,,,,,,,,,,,,,,,,,,
D = 1219,1219,10,298,380,694014,42.7,11387,14617,1388029,22773,3.83,3.35,,,,,,,,,,,,,,,,,,,,,,,,
D = 1219,1219,12,357,455,828716,42.7,13597,17483,1657433,27193,3.83,2.8,,,,,,,,,,,,,,,,,,,,,,,,
D = 1219,1219,12.5,372,474,862181,42.7,14146,18196,1724362,28291,3.83,2.69,,,,,,,,,,,,,,,,,,,,,,,,
D = 1219,1219,16,475,605,1094091,42.5,17951,23157,2188183,35901,3.83,2.11,,,,,,,,,,,,,,,,,,,,,,,,
D = 1219,1219,20,591,753,1354155,42.4,22217,28755,2708309,44435,3.83,1.69,,,,,,,,,,,,,,,,,,,,,,,,
D = 1219,1219,25,736,938,1671873,42.2,27430,35646,3343746,54860,3.83,1.36,,,,,,,,,,,,,,,,,,,,,,,,
,,,,,,,,,,,,,,,,,,,,,,,,,,,,,,,,,,,,
Quadrati a caldo,b ,t ,M ,A ,I ,i ,Wel ,Wpl ,It ,Ct ,Sup. est.,L per ton,,,,,,,,,,,,,,,,,,,,,,,,
,[mm] ,[mm] ,[kg/m] ,[cm2] ,[cm4] ,[cm] ,[cm3] ,[cm3] ,[cm4] ,[cm3] ,[m2/m] ,[m/t] ,,,,,,,,,,,,,,,,,,,,,,,,
,350,12.5,131,167,31527,13.7,1802,2106,48934,2654,1.37,7.62,126,,,,,,,,,,,,,,,,,,,,,,,
b = 20,20,2,1.1,1.4,0.736,0.726,0.736,0.928,1.22,1.07,0.075,912,,,,,,,,,,,,,,,,,,,,,,,,
b = 20,20,2.5,1.32,1.68,0.829,0.702,0.829,1.08,1.41,1.2,0.074,757,,,,,,,,,,,,,,,,,,,,,,,,
b = 25,25,2,1.41,1.8,1.56,0.931,1.25,1.53,2.52,1.81,0.095,709,,,,,,,,,,,,,,,,,,,,,,,,
b = 25,25,2.5,1.71,2.18,1.8,0.907,1.44,1.81,2.97,2.08,0.094,584,,,,,,,,,,,,,,,,,,,,,,,,
b = 25,25,3,2,2.54,1.99,0.883,1.59,2.05,3.35,2.3,0.092,501,,,,,,,,,,,,,,,,,,,,,,,,
b = 30,30,2,1.72,2.2,2.83,1.14,1.89,2.29,4.53,2.75,0.115,580,,,,,,,,,,,,,,,,,,,,,,,,
b = 30,30,2.5,2.11,2.68,3.32,1.11,2.21,2.73,5.4,3.22,0.114,475,,,,,,,,,,,,,,,,,,,,,,,,
b = 30,30,3,2.47,3.14,3.73,1.09,2.48,3.13,6.16,3.6,0.112,405,,,,,,,,,,,,,,,,,,,,,,,,
b = 40,40,2.5,2.89,3.68,8.53,1.52,4.26,5.14,13.6,6.22,0.154,346,,,,,,,,,,,,,,,,,,,,,,,,
b = 40,40,3,3.41,4.34,9.75,1.5,4.88,5.96,15.7,7.1,0.152,293,,,,,,,,,,,,,,,,,,,,,,,,
b = 40,40,4,4.39,5.59,11.8,1.45,5.89,7.43,19.5,8.54,0.15,228,,,,,,,,,,,,,,,,,,,,,,,,
b = 40,40,5,5.28,6.73,13.3,1.4,6.63,8.64,22.5,9.6,0.147,189,,,,,,,,,,,,,,,,,,,,,,,,
b = 50,50,2.5,3.68,4.68,17.4,1.93,6.98,8.29,27.5,10.2,0.194,272,,,,,,,,,,,,,,,,,,,,,,,,
b = 50,50,3,4.35,5.54,20.2,1.91,8.07,9.7,32.1,11.8,0.192,230,,,,,,,,,,,,,,,,,,,,,,,,
b = 50,50,4,5.64,7.19,24.9,1.86,9.96,12.3,40.4,14.5,0.19,177,,,,,,,,,,,,,,,,,,,,,,,,
b = 50,50,5,6.85,8.73,28.8,1.81,11.5,14.5,47.6,16.7,0.187,146,,,,,,,,,,,,,,,,,,,,,,,,
b = 50,50,6,7.99,10.2,31.8,1.77,12.7,16.4,53.6,18.4,0.185,125,,,,,,,,,,,,,,,,,,,,,,,,
b = 50,50,6.3,8.31,10.6,32.5,1.75,13,17,55.2,18.8,0.184,120,,,,,,,,,,,,,,,,,,,,,,,,
b = 60,60,2.5,4.46,5.68,31.1,2.34,10.4,12.2,48.5,15.2,0.234,224,,,,,,,,,,,,,,,,,,,,,,,,
b = 60,60,3,5.29,6.74,36.2,2.32,12.1,14.3,56.9,17.7,0.232,189,,,,,,,,,,,,,,,,,,,,,,,,
b = 60,60,4,6.9,8.79,45.3,2.27,15.1,18.3,72.5,22,0.23,145,,,,,,,,,,,,,,,,,,,,,,,,
b = 60,60,5,8.42,10.7,53.1,2.22,17.7,21.9,86.4,25.7,0.227,119,,,,,,,,,,,,,,,,,,,,,,,,
b = 60,60,6,9.87,12.6,59.6,2.18,19.9,25.1,98.6,28.8,0.225,101,,,,,,,,,,,,,,,,,,,,,,,,
b = 60,60,6.3,10.3,13.1,61.3,2.16,20.4,25.9,102,29.6,0.224,97.2,,,,,,,,,,,,,,,,,,,,,,,,
b = 60,60,8,12.5,16,69.1,2.08,23,30.3,118,33.4,0.219,79.9,,,,,,,,,,,,,,,,,,,,,,,,
b = 70,70,3,6.24,7.94,59,2.72,16.9,19.9,92.2,24.8,0.272,160,,,,,,,,,,,,,,,,,,,,,,,,
b = 70,70,4,8.15,10.4,74.6,2.68,21.3,25.5,118,31.2,0.27,123,,,,,,,,,,,,,,,,,,,,,,,,
b = 70,70,5,9.99,12.7,88.3,2.63,25.2,30.7,142,36.8,0.267,100,,,,,,,,,,,,,,,,,,,,,,,,
b = 70,70,6,11.8,15,100,2.59,28.6,35.5,163,41.6,0.265,85.1,,,,,,,,,,,,,,,,,,,,,,,,
b = 70,70,6.3,12.3,15.6,103,2.57,29.6,36.8,169,42.9,0.264,81.5,,,,,,,,,,,,,,,,,,,,,,,,
b = 70,70,8,15,19.2,119,2.49,34,43.7,200,49.2,0.259,66.5,,,,,,,,,,,,,,,,,,,,,,,,
b = 80,80,3,7.18,9.14,89.8,3.13,22.4,26.3,140,33,0.312,139,,,,,,,,,,,,,,,,,,,,,,,,
b = 80,80,4,9.41,12,114,3.09,28.6,34,180,41.9,0.31,106,,,,,,,,,,,,,,,,,,,,,,,,
b = 80,80,5,11.6,14.7,136,3.04,34.1,41.1,217,49.8,0.307,86.5,,,,,,,,,,,,,,,,,,,,,,,,
b = 80,80,6,13.6,17.4,156,3,39,47.7,252,56.8,0.305,73.3,,,,,,,,,,,,,,,,,,,,,,,,
b = 80,80,6.3,14.2,18.1,161,2.98,40.4,49.6,262,58.7,0.304,70.2,,,,,,,,,,,,,,,,,,,,,,,,
b = 80,80,8,17.5,22.4,188,2.9,47.1,59.4,312,68.3,0.299,57,,,,,,,,,,,,,,,,,,,,,,,,
b = 90,90,4,10.7,13.6,166,3.5,36.9,43.6,260,54.2,0.35,93.7,,,,,,,,,,,,,,,,,,,,,,,,
b = 90,90,5,13.1,16.7,199,3.45,44.3,53,316,64.8,0.347,76.1,,,,,,,,,,,,,,,,,,,,,,,,
b = 90,90,6,15.5,19.8,229,3.41,51,61.7,367,74.3,0.345,64.4,,,,,,,,,,,,,,,,,,,,,,,,
b = 90,90,6.3,16.2,20.7,238,3.39,52.8,64.3,382,77,0.344,61.6,,,,,,,,,,,,,,,,,,,,,,,,
b = 90,90,8,20.1,25.6,281,3.31,62.3,77.5,459,90.5,0.339,49.9,,,,,,,,,,,,,,,,,,,,,,,,
b = 100,100,4,11.9,15.2,232,3.91,46.3,54.4,361,68.2,0.39,83.9,,,,,,,,,,,,,,,,,,,,,,,,
b = 100,100,5,14.7,18.7,279,3.86,55.8,66.3,439,81.8,0.387,68,,,,,,,,,,,,,,,,,,,,,,,,
b = 100,100,6,17.4,22.2,323,3.82,64.5,77.6,513,94.3,0.385,57.5,,,,,,,,,,,,,,,,,,,,,,,,
b = 100,100,6.3,18.2,23.2,335,3.8,67,80.8,534,97.8,0.384,54.9,,,,,,,,,,,,,,,,,,,,,,,,
b = 100,100,8,22.6,28.8,399,3.72,79.7,98.1,646,116,0.379,44.3,,,,,,,,,,,,,,,,,,,,,,,,
b = 100,100,10,27.4,34.9,460,3.63,92,116,761,133,0.374,36.5,,,,,,,,,,,,,,,,,,,,,,,,
b = 120,120,5,17.8,22.7,497,4.68,82.9,97.6,777,122,0.467,56,,,,,,,,,,,,,,,,,,,,,,,,
b = 120,120,6,21.2,27,579,4.63,96.5,115,911,141,0.465,47.2,,,,,,,,,,,,,,,,,,,,,,,,
b = 120,120,6.3,22.2,28.2,602,4.62,100,120,950,147,0.464,45.1,,,,,,,,,,,,,,,,,,,,,,,,
b = 120,120,8,27.6,35.2,725,4.54,121,146,1160,176,0.459,36.2,,,,,,,,,,,,,,,,,,,,,,,,
b = 120,120,10,33.7,42.9,850,4.45,142,175,1382,206,0.454,29.7,,,,,,,,,,,,,,,,,,,,,,,,
b = 120,120,12,39.5,50.3,954,4.36,159,200,1578,230,0.449,25.3,,,,,,,,,,,,,,,,,,,,,,,,
b = 120,120,12.5,40.9,52.1,977,4.33,163,206,1623,236,0.448,24.5,,,,,,,,,,,,,,,,,,,,,,,,
b = 140,140,5,21,26.7,807,5.49,115,135,1253,170,0.547,47.7,,,,,,,,,,,,,,,,,,,,,,,,
b = 140,140,6,24.9,31.8,944,5.45,135,159,1475,198,0.545,40.1,,,,,,,,,,,,,,,,,,,,,,,,
b = 140,140,6.3,26.1,33.3,983,5.44,140,166,1540,206,0.544,38.3,,,,,,,,,,,,,,,,,,,,,,,,
b = 140,140,8,32.6,41.6,1194,5.36,171,204,1892,249,0.539,30.7,,,,,,,,,,,,,,,,,,,,,,,,
b = 140,140,10,40,50.9,1413,5.27,202,246,2272,294,0.534,25,,,,,,,,,,,,,,,,,,,,,,,,
b = 140,140,12,47,59.9,1604,5.17,229,284,2616,333,0.529,21.3,,,,,,,,,,,,,,,,,,,,,,,,
b = 140,140,12.5,48.7,62.1,1647,5.15,235,293,2696,342,0.528,20.5,,,,,,,,,,,,,,,,,,,,,,,,
b = 150,150,5,22.6,28.7,1001,5.9,133,156,1550,197,0.587,44.3,,,,,,,,,,,,,,,,,,,,,,,,
b = 150,150,6,26.8,34.2,1173,5.86,156,184,1828,230,0.585,37.3,,,,,,,,,,,,,,,,,,,,,,,,
b = 150,150,6.3,28.1,35.8,1223,5.84,163,192,1909,240,0.584,35.6,,,,,,,,,,,,,,,,,,,,,,,,
b = 150,150,8,35.1,44.8,1489,5.77,199,237,2351,291,0.579,28.5,,,,,,,,,,,,,,,,,,,,,,,,
b = 150,150,10,43.1,54.9,1770,5.68,236,286,2832,344,0.574,23.2,,,,,,,,,,,,,,,,,,,,,,,,
b = 150,150,12,50.8,64.7,2018,5.58,269,331,3272,391,0.569,19.7,,,,,,,,,,,,,,,,,,,,,,,,
b = 150,150,12.5,52.7,67.1,2074,5.56,277,342,3375,402,0.568,19,,,,,,,,,,,,,,,,,,,,,,,,
b = 150,150,16,65.2,83,2418,5.4,322,410,4026,467,0.559,15.3,,,,,,,,,,,,,,,,,,,,,,,,
b = 160,160,5,24.1,30.7,1224,6.31,153,178,1892,226,0.627,41.5,,,,,,,,,,,,,,,,,,,,,,,,
b = 160,160,6,28.7,36.6,1436,6.27,180,210,2233,264,0.625,34.8,,,,,,,,,,,,,,,,,,,,,,,,
b = 160,160,6.3,30.1,38.3,1498,6.25,187,220,2333,275,0.624,33.3,,,,,,,,,,,,,,,,,,,,,,,,
b = 160,160,8,37.6,48,1830,6.18,229,272,2880,335,0.619,26.6,,,,,,,,,,,,,,,,,,,,,,,,
b = 160,160,10,46.3,58.9,2182,6.09,273,329,3478,398,0.614,21.6,,,,,,,,,,,,,,,,,,,,,,,,
b = 160,160,12,54.6,69.5,2497,5.99,312,382,4028,454,0.609,18.3,,,,,,,,,,,,,,,,,,,,,,,,
b = 160,160,12.5,56.6,72.1,2569,5.97,321,394,4158,467,0.608,17.7,,,,,,,,,,,,,,,,,,,,,,,,
b = 160,160,16,70.2,89.4,3015,5.81,377,475,4988,546,0.599,14.2,,,,,,,,,,,,,,,,,,,,,,,,
b = 180,180,5,27.3,34.7,1765,7.13,196,227,2718,290,0.707,36.7,,,,,,,,,,,,,,,,,,,,,,,,
b = 180,180,6,32.5,41.4,2076,7.08,231,269,3215,340,0.705,30.8,,,,,,,,,,,,,,,,,,,,,,,,
b = 180,180,6.3,34,43.3,2167,7.07,241,281,3361,355,0.704,29.4,,,,,,,,,,,,,,,,,,,,,,,,
b = 180,180,8,42.7,54.4,2659,6.99,295,349,4162,434,0.699,23.4,,,,,,,,,,,,,,,,,,,,,,,,
b = 180,180,10,52.5,66.9,3190,6.9,354,424,5048,518,0.694,19,,,,,,,,,,,,,,,,,,,,,,,,
b = 180,180,12,62.1,79.1,3670,6.81,408,494,5873,595,0.689,16.1,,,,,,,,,,,,,,,,,,,,,,,,
b = 180,180,12.5,64.4,82.1,3783,6.79,420,511,6070,613,0.688,15.5,,,,,,,,,,,,,,,,,,,,,,,,
b = 180,180,16,80.2,102,4489,6.63,499,620,7343,724,0.679,12.5,,,,,,,,,,,,,,,,,,,,,,,,
b = 200,200,5,30.4,38.7,2445,7.95,244,282,3756,362,0.787,32.9,,,,,,,,,,,,,,,,,,,,,,,,
b = 200,200,6,36.2,46.2,2882,7.9,288,335,4449,426,0.785,27.6,,,,,,,,,,,,,,,,,,,,,,,,
b = 200,200,6.3,38,48.4,3010,7.89,301,350,4653,444,0.784,26.3,,,,,,,,,,,,,,,,,,,,,,,,
b = 200,200,8,47.7,60.8,3707,7.81,371,435,5778,545,0.779,21,,,,,,,,,,,,,,,,,,,,,,,,
b = 200,200,10,58.8,74.9,4467,7.72,447,531,7031,655,0.774,17,,,,,,,,,,,,,,,,,,,,,,,,
b = 200,200,12,69.6,88.7,5164,7.63,516,621,8208,754,0.769,14.4,,,,,,,,,,,,,,,,,,,,,,,,
b = 200,200,12.5,72.3,92.1,5328,7.61,533,642,8491,778,0.768,13.8,,,,,,,,,,,,,,,,,,,,,,,,
b = 200,200,16,90.3,115,6377,7.45,638,785,10340,927,0.759,11.1,,,,,,,,,,,,,,,,,,,,,,,,
b = 220,220,6,40,51,3874,8.72,352,408,5963,521,0.865,25,,,,,,,,,,,,,,,,,,,,,,,,
b = 220,220,6.3,41.9,53.4,4048,8.7,368,427,6240,544,0.864,23.8,,,,,,,,,,,,,,,,,,,,,,,,
b = 220,220,8,52.7,67.2,4999,8.63,454,532,7765,669,0.859,19,,,,,,,,,,,,,,,,,,,,,,,,
b = 220,220,10,65.1,82.9,6046,8.54,550,650,9473,807,0.854,15.4,,,,,,,,,,,,,,,,,,,,,,,,
b = 220,220,12,77.2,98.3,7015,8.45,638,762,11091,933,0.849,13,,,,,,,,,,,,,,,,,,,,,,,,
b = 220,220,12.5,80.1,102,7245,8.43,659,789,11481,963,0.848,12.5,,,,,,,,,,,,,,,,,,,,,,,,
b = 220,220,16,100,128,8730,8.26,794,968,14054,1156,0.839,9.97,,,,,,,,,,,,,,,,,,,,,,,,
b = 250,250,6,45.7,58.2,5751,9.94,460,531,8825,681,0.985,21.9,,,,,,,,,,,,,,,,,,,,,,,,
b = 250,250,6.3,47.9,61,6013,9.93,481,556,9238,712,0.984,20.9,,,,,,,,,,,,,,,,,,,,,,,,
b = 250,250,8,60.3,76.8,7452,9.85,596,694,11525,880,0.979,16.6,,,,,,,,,,,,,,,,,,,,,,,,
b = 250,250,10,74.5,94.9,9050,9.76,724,850,14106,1065,0.974,13.4,,,,,,,,,,,,,,,,,,,,,,,,
b = 250,250,12,88.5,113,10546,9.67,844,1000,16567,1237,0.969,11.3,,,,,,,,,,,,,,,,,,,,,,,,
b = 250,250,12.5,91.9,117,10905,9.65,872,1036,17164,1279,0.968,10.9,,,,,,,,,,,,,,,,,,,,,,,,
b = 250,250,16,115,147,13245,9.49,1060,1279,21138,1546,0.959,8.67,,,,,,,,,,,,,,,,,,,,,,,,
b = 260,260,6,47.6,60.6,6490,10.4,499,576,9951,740,1.02,21,,,,,,,,,,,,,,,,,,,,,,,,
b = 260,260,6.3,49.9,63.5,6787,10.3,522,603,10417,773,1.02,20.1,,,,,,,,,,,,,,,,,,,,,,,,
b = 260,260,8,62.8,80,8420,10.3,648,753,13006,956,1.02,15.9,,,,,,,,,,,,,,,,,,,,,,,,
b = 260,260,10,77.7,98.9,10237,10.2,787,923,15932,1159,1.01,12.9,,,,,,,,,,,,,,,,,,,,,,,,
b = 260,260,12,92.2,117,11944,10.1,919,1087,18729,1348,1.01,10.8,,,,,,,,,,,,,,,,,,,,,,,,
b = 260,260,12.5,95.8,122,12354,10.1,950,1127,19409,1394,1.01,10.4,,,,,,,,,,,,,,,,,,,,,,,,
b = 260,260,16,120,153,15039,9.9,1157,1393,23942,1689,0.999,8.3,,,,,,,,,,,,,,,,,,,,,,,,
b = 300,300,6,55.1,70.2,10078,12,672,772,15407,997,1.18,18.2,,,,,,,,,,,,,,,,,,,,,,,,
b = 300,300,6.3,57.8,73.6,10545,12,703,809,16136,1043,1.18,17.3,,,,,,,,,,,,,,,,,,,,,,,,
b = 300,300,8,72.8,92.8,13125,11.9,875,1013,20194,1294,1.18,13.7,,,,,,,,,,,,,,,,,,,,,,,,
b = 300,300,10,90.2,115,16020,11.8,1068,1245,24807,1575,1.17,11.1,,,,,,,,,,,,,,,,,,,,,,,,
b = 300,300,12,107,137,18766,11.7,1251,1470,29249,1840,1.17,9.32,,,,,,,,,,,,,,,,,,,,,,,,
b = 300,300,12.5,112,142,19430,11.7,1295,1524,30333,1904,1.17,8.97,,,,,,,,,,,,,,,,,,,,,,,,
b = 300,300,16,141,179,23824,11.5,1588,1894,37622,2325,1.16,7.12,,,,,,,,,,,,,,,,,,,,,,,,
b = 350,350,8,85.4,109,21125,13.9,1207,1391,32384,1789,1.38,11.7,,,,,,,,,,,,,,,,,,,,,,,,
b = 350,350,10,106,135,25876,13.8,1479,1715,39886,2185,1.37,9.44,,,,,,,,,,,,,,,,,,,,,,,,
b = 350,350,12,126,161,30422,13.8,1738,2029,47154,2563,1.37,7.93,,,,,,,,,,,,,,,,,,,,,,,,
b = 350,350,12.5,131,167,31527,13.7,1802,2106,48934,2654,1.37,7.62,,,,,,,,,,,,,,,,,,,,,,,,
b = 350,350,16,166,211,38912,13.6,2224,2629,60990,3264,1.36,6.04,,,,,,,,,,,,,,,,,,,,,,,,
b = 400,400,10,122,155,39119,15.9,1956,2260,60092,2895,1.57,8.22,,,,,,,,,,,,,,,,,,,,,,,,
b = 400,400,12,145,185,46115,15.8,2306,2679,71181,3405,1.57,6.9,,,,,,,,,,,,,,,,,,,,,,,,
b = 400,400,12.5,151,192,47822,15.8,2391,2782,73906,3530,1.57,6.63,,,,,,,,,,,,,,,,,,,,,,,,
b = 400,400,16,191,243,59310,15.6,2965,3484,92442,4362,1.56,5.24,,,,,,,,,,,,,,,,,,,,,,,,
b = 400,400,20,235,300,71468,15.4,3573,4245,112489,5237,1.55,4.25,,,,,,,,,,,,,,,,,,,,,,,,
,,,,,,,,,,,,,,,,,,,,,,,,,,,,,,,,,,,,
Quadrati a freddo,b ,t ,M ,A ,I ,i ,Wel ,Wpl ,It ,Ct ,Sup. est.,L per ton,,,,,,,,,,,,,,,,,,,,,,,,
,[mm] ,[mm] ,[kg/m] ,[cm2],[cm4] ,[cm] ,[cm3] ,[cm3] ,[cm4] ,[cm3] ,[m2/m] ,[m/t] ,,,,,,,,,,,,,,,,,,,,,,,,
,400,12,141,180,44204,15.7,2210,2584,71843,3395,1.54,7.07,140,,,,,,,,,,,,,,,,,,,,,,,
b = 20,20,2,1.05,1.34,0.681,0.714,0.681,0.87,1.21,1.06,0.073,953,,,,,,,,,,,,,,,,,,,,,,,,
b = 25,25,2,1.36,1.74,1.47,0.92,1.18,1.46,2.53,1.8,0.093,733,,,,,,,,,,,,,,,,,,,,,,,,
b = 25,25,2.5,1.64,2.09,1.66,0.892,1.33,1.7,2.97,2.07,0.091,610,,,,,,,,,,,,,,,,,,,,,,,,
b = 25,25,3,1.89,2.41,1.79,0.863,1.43,1.89,3.33,2.27,0.09,529,,,,,,,,,,,,,,,,,,,,,,,,
b = 30,30,2,1.68,2.14,2.7,1.12,1.8,2.2,4.54,2.75,0.113,596,,,,,,,,,,,,,,,,,,,,,,,,
b = 30,30,2.5,2.03,2.59,3.12,1.1,2.08,2.6,5.4,3.2,0.111,492,,,,,,,,,,,,,,,,,,,,,,,,
b = 30,30,3,2.36,3.01,3.45,1.07,2.3,2.94,6.15,3.58,0.11,423,,,,,,,,,,,,,,,,,,,,,,,,
b = 40,40,2,2.31,2.94,6.92,1.53,3.46,4.13,11.3,5.23,0.153,434,,,,,,,,,,,,,,,,,,,,,,,,
b = 40,40,2.5,2.82,3.59,8.17,1.51,4.08,4.95,13.6,6.21,0.151,355,,,,,,,,,,,,,,,,,,,,,,,,
b = 40,40,3,3.3,4.21,9.24,1.48,4.62,5.7,15.8,7.07,0.15,303,,,,,,,,,,,,,,,,,,,,,,,,
b = 40,40,4,4.2,5.35,10.9,1.43,5.45,6.97,19.4,8.48,0.146,238,,,,,,,,,,,,,,,,,,,,,,,,
b = 50,50,2,2.93,3.74,14.1,1.94,5.65,6.66,22.6,8.51,0.193,341,,,,,,,,,,,,,,,,,,,,,,,,
b = 50,50,2.5,3.6,4.59,16.9,1.92,6.75,8.06,27.5,10.2,0.191,278,,,,,,,,,,,,,,,,,,,,,,,,
b = 50,50,3,4.25,5.41,19.4,1.89,7.75,9.37,32.1,11.8,0.19,236,,,,,,,,,,,,,,,,,,,,,,,,
b = 50,50,4,5.45,6.95,23.5,1.84,9.4,11.7,40.4,14.4,0.186,183,,,,,,,,,,,,,,,,,,,,,,,,
b = 50,50,5,6.56,8.36,26.6,1.78,10.6,13.6,47.5,16.6,0.183,152,,,,,,,,,,,,,,,,,,,,,,,,
b = 60,60,2,3.56,4.54,25.1,2.35,8.37,9.78,39.8,12.6,0.233,281,,,,,,,,,,,,,,,,,,,,,,,,
b = 60,60,2.5,4.39,5.59,30.3,2.33,10.1,11.9,48.7,15.2,0.231,228,,,,,,,,,,,,,,,,,,,,,,,,
b = 60,60,3,5.19,6.61,35,2.3,11.7,13.9,57.1,17.7,0.23,193,,,,,,,,,,,,,,,,,,,,,,,,
b = 60,60,4,6.71,8.55,43.3,2.25,14.4,17.6,72.6,22,0.226,149,,,,,,,,,,,,,,,,,,,,,,,,
b = 60,60,5,8.13,10.4,50,2.2,16.7,20.8,86.4,25.6,0.223,123,,,,,,,,,,,,,,,,,,,,,,,,
b = 60,60,6,9.45,12,55.1,2.14,18.4,23.5,98.4,28.6,0.219,106,,,,,,,,,,,,,,,,,,,,,,,,
b = 60,60,6.3,9.55,12.2,52.8,2.08,17.6,23.1,100,28.8,0.213,105,,,,,,,,,,,,,,,,,,,,,,,,
b = 70,70,2.5,5.17,6.59,49.3,2.74,14.1,16.5,78.5,21.2,0.271,193,,,,,,,,,,,,,,,,,,,,,,,,
b = 70,70,3,6.13,7.81,57.4,2.71,16.4,19.4,92.4,24.7,0.27,163,,,,,,,,,,,,,,,,,,,,,,,,
b = 70,70,4,7.97,10.1,71.8,2.66,20.5,24.7,119,31.1,0.266,126,,,,,,,,,,,,,,,,,,,,,,,,
b = 70,70,5,9.7,12.4,84,2.61,24,29.5,142,36.7,0.263,103,,,,,,,,,,,,,,,,,,,,,,,,
b = 70,70,6,11.3,14.4,94.1,2.55,26.9,33.7,163,41.4,0.259,88.3,,,,,,,,,,,,,,,,,,,,,,,,
b = 70,70,6.3,11.5,14.7,91.8,2.5,26.2,33.5,168,42.1,0.253,86.7,,,,,,,,,,,,,,,,,,,,,,,,
b = 80,80,3,7.07,9.01,87.7,3.12,21.9,25.8,140,33,0.31,141,,,,,,,,,,,,,,,,,,,,,,,,
b = 80,80,4,9.22,11.7,111,3.07,27.7,33,180,41.8,0.306,108,,,,,,,,,,,,,,,,,,,,,,,,
b = 80,80,5,11.3,14.4,131,3.02,32.7,39.6,218,49.7,0.303,88.7,,,,,,,,,,,,,,,,,,,,,,,,
b = 80,80,6,13.2,16.8,148,2.96,37,45.6,252,56.6,0.299,75.7,,,,,,,,,,,,,,,,,,,,,,,,
b = 80,80,6.3,13.5,17.2,146,2.92,36.6,45.8,261,57.9,0.293,74,,,,,,,,,,,,,,,,,,,,,,,,
b = 80,80,8,16.4,20.8,164,2.8,41,53.3,307,66.6,0.286,61.1,,,,,,,,,,,,,,,,,,,,,,,,
b = 90,90,3,8.01,10.2,127,3.53,28.2,33,201,42.5,0.35,125,,,,,,,,,,,,,,,,,,,,,,,,
b = 90,90,4,10.5,13.3,161,3.48,35.9,42.5,261,54.2,0.346,95.4,,,,,,,,,,,,,,,,,,,,,,,,
b = 90,90,5,12.8,16.4,192,3.43,42.7,51.3,316,64.7,0.343,77.9,,,,,,,,,,,,,,,,,,,,,,,,
b = 90,90,6,15.1,19.2,219,3.37,48.7,59.4,368,74.2,0.339,66.2,,,,,,,,,,,,,,,,,,,,,,,,
b = 90,90,6.3,15.5,19.7,219,3.33,48.6,60,382,76.2,0.333,64.6,,,,,,,,,,,,,,,,,,,,,,,,
b = 90,90,8,18.9,24,250,3.22,55.4,70.7,456,88.8,0.326,53,,,,,,,,,,,,,,,,,,,,,,,,
b = 100,100,3,8.96,11.4,177,3.94,35.4,41.2,279,53.2,0.39,112,,,,,,,,,,,,,,,,,,,,,,,,
b = 100,100,4,11.7,14.9,226,3.89,45.2,53.2,362,68.1,0.386,85.2,,,,,,,,,,,,,,,,,,,,,,,,
b = 100,100,5,14.4,18.4,270,3.84,54,64.5,441,81.7,0.383,69.4,,,,,,,,,,,,,,,,,,,,,,,,
b = 100,100,6,17,21.6,310,3.78,62,74.9,514,94.1,0.379,58.9,,,,,,,,,,,,,,,,,,,,,,,,
b = 100,100,6.3,17.5,22.2,311,3.74,62.3,76.1,536,97,0.373,57.3,,,,,,,,,,,,,,,,,,,,,,,,
b = 100,100,8,21.4,27.2,360,3.64,72,90.4,645,114,0.366,46.8,,,,,,,,,,,,,,,,,,,,,,,,
b = 100,100,10,25.6,32.6,400,3.51,80,104,750,130,0.357,39.1,,,,,,,,,,,,,,,,,,,,,,,,
b = 100,100,12,28.3,36.1,382,3.26,76.4,107,794,136,0.338,35.3,,,,,,,,,,,,,,,,,,,,,,,,
b = 100,100,12.5,29.1,37,381,3.21,76.3,108,804,137,0.336,34.4,,,,,,,,,,,,,,,,,,,,,,,,
b = 120,120,3,10.8,13.8,312,4.75,52,60.2,488,78.2,0.47,92.3,,,,,,,,,,,,,,,,,,,,,,,,
b = 120,120,4,14.2,18.1,402,4.7,67,78.3,637,101,0.466,70.2,,,,,,,,,,,,,,,,,,,,,,,,
b = 120,120,5,17.5,22.4,484,4.65,80.7,95.4,778,122,0.463,57,,,,,,,,,,,,,,,,,,,,,,,,
b = 120,120,6,20.7,26.4,560,4.6,93.4,111,913,141,0.459,48.2,,,,,,,,,,,,,,,,,,,,,,,,
b = 120,120,6.3,21.4,27.3,568,4.56,94.7,114,955,146,0.453,46.7,,,,,,,,,,,,,,,,,,,,,,,,
b = 120,120,8,26.4,33.6,670,4.46,112,137,1163,175,0.446,37.9,,,,,,,,,,,,,,,,,,,,,,,,
b = 120,120,10,31.8,40.6,763,4.34,127,161,1376,203,0.437,31.4,,,,,,,,,,,,,,,,,,,,,,,,
b = 120,120,12,35.8,45.7,774,4.12,129,171,1518,219,0.418,27.9,,,,,,,,,,,,,,,,,,,,,,,,
b = 120,120,12.5,36.9,47,781,4.08,130,174,1551,223,0.416,27.1,,,,,,,,,,,,,,,,,,,,,,,,
b = 140,140,4,16.8,21.3,651,5.52,93,108,1023,140,0.546,59.7,,,,,,,,,,,,,,,,,,,,,,,,
b = 140,140,5,20.7,26.4,789,5.47,113,132,1256,170,0.543,48.3,,,,,,,,,,,,,,,,,,,,,,,,
b = 140,140,6,24.5,31.2,918,5.42,131,155,1479,198,0.539,40.8,,,,,,,,,,,,,,,,,,,,,,,,
b = 140,140,6.3,25.4,32.3,937,5.38,134,159,1550,205,0.533,39.4,,,,,,,,,,,,,,,,,,,,,,,,
b = 140,140,8,31.4,40,1119,5.29,160,194,1901,248,0.526,31.8,,,,,,,,,,,,,,,,,,,,,,,,
b = 140,140,10,38.1,48.6,1296,5.17,185,229,2274,291,0.517,26.2,,,,,,,,,,,,,,,,,,,,,,,,
b = 140,140,12,43.4,55.3,1361,4.96,194,250,2567,322,0.498,23.1,,,,,,,,,,,,,,,,,,,,,,,,
b = 140,140,12.5,44.8,57,1383,4.92,198,256,2634,329,0.496,22.3,,,,,,,,,,,,,,,,,,,,,,,,
b = 150,150,4,18,22.9,807,5.93,108,125,1265,162,0.586,55.5,,,,,,,,,,,,,,,,,,,,,,,,
b = 150,150,5,22.3,28.4,981,5.88,131,153,1554,197,0.583,44.9,,,,,,,,,,,,,,,,,,,,,,,,
b = 150,150,6,26.4,33.6,1143,5.83,152,180,1833,230,0.579,37.9,,,,,,,,,,,,,,,,,,,,,,,,
b = 150,150,6.3,27.4,34.8,1169,5.79,156,185,1922,239,0.573,36.6,,,,,,,,,,,,,,,,,,,,,,,,
b = 150,150,8,33.9,43.2,1403,5.7,187,225,2364,289,0.566,29.5,,,,,,,,,,,,,,,,,,,,,,,,
b = 150,150,10,41.3,52.6,1636,5.58,218,268,2839,341,0.557,24.2,,,,,,,,,,,,,,,,,,,,,,,,
b = 150,150,12,47.1,60.1,1739,5.38,232,295,3231,380,0.538,21.2,,,,,,,,,,,,,,,,,,,,,,,,
b = 150,150,12.5,48.7,62,1772,5.34,236,302,3321,389,0.536,20.5,,,,,,,,,,,,,,,,,,,,,,,,
b = 150,150,16,58.7,74.8,1916,5.06,255,344,3830,440,0.518,17,,,,,,,,,,,,,,,,,,,,,,,,
b = 160,160,4,19.3,24.5,986,6.34,123,143,1541,185,0.626,51.9,,,,,,,,,,,,,,,,,,,,,,,,
b = 160,160,5,23.8,30.4,1201,6.29,150,175,1896,226,0.623,42,,,,,,,,,,,,,,,,,,,,,,,,
b = 160,160,6,28.3,36,1403,6.24,175,206,2239,264,0.619,35.4,,,,,,,,,,,,,,,,,,,,,,,,
b = 160,160,6.3,29.3,37.4,1438,6.2,180,212,2349,275,0.613,34.1,,,,,,,,,,,,,,,,,,,,,,,,
b = 160,160,8,36.5,46.4,1732,6.11,216,260,2897,334,0.606,27.4,,,,,,,,,,,,,,,,,,,,,,,,
b = 160,160,10,44.4,56.6,2030,5.99,254,310,3490,395,0.597,22.5,,,,,,,,,,,,,,,,,,,,,,,,
b = 160,160,12,50.9,64.9,2181,5.8,273,343,3997,443,0.578,19.6,,,,,,,,,,,,,,,,,,,,,,,,
b = 160,160,12.5,52.6,67,2226,5.76,278,352,4114,455,0.576,19,,,,,,,,,,,,,,,,,,,,,,,,
b = 160,160,16,63.7,81.2,2446,5.49,306,406,4799,520,0.558,15.7,,,,,,,,,,,,,,,,,,,,,,,,
b = 180,180,4,21.8,27.7,1421,7.16,158,182,2210,237,0.706,45.9,,,,,,,,,,,,,,,,,,,,,,,,
b = 180,180,5,27,34.4,1735,7.11,193,224,2724,290,0.703,37.1,,,,,,,,,,,,,,,,,,,,,,,,
b = 180,180,6,32.1,40.8,2034,7.06,226,264,3223,340,0.699,31.2,,,,,,,,,,,,,,,,,,,,,,,,
b = 180,180,6.3,33.3,42.4,2090,7.02,232,273,3383,354,0.693,30,,,,,,,,,,,,,,,,,,,,,,,,
b = 180,180,8,41.5,52.8,2535,6.93,282,335,4189,432,0.686,24.1,,,,,,,,,,,,,,,,,,,,,,,,
b = 180,180,10,50.7,64.6,2996,6.81,333,402,5074,515,0.677,19.7,,,,,,,,,,,,,,,,,,,,,,,,
b = 180,180,12,58.5,74.5,3273,6.63,364,451,5865,584,0.658,17.1,,,,,,,,,,,,,,,,,,,,,,,,
b = 180,180,12.5,60.5,77,3350,6.59,372,464,6050,600,0.656,16.5,,,,,,,,,,,,,,,,,,,,,,,,
b = 180,180,16,73.8,94,3772,6.34,419,542,7178,698,0.638,13.6,,,,,,,,,,,,,,,,,,,,,,,,
b = 200,200,4,24.3,30.9,1967,7.97,197,226,3049,295,0.786,41.2,,,,,,,,,,,,,,,,,,,,,,,,
b = 200,200,5,30.1,38.4,2408,7.92,241,279,3763,362,0.783,33.2,,,,,,,,,,,,,,,,,,,,,,,,
b = 200,200,6,35.8,45.6,2830,7.87,283,330,4459,426,0.779,27.9,,,,,,,,,,,,,,,,,,,,,,,,
b = 200,200,6.3,37.2,47.4,2916,7.84,292,341,4682,444,0.773,26.8,,,,,,,,,,,,,,,,,,,,,,,,
b = 200,200,8,46.5,59.2,3554,7.75,355,420,5815,544,0.766,21.5,,,,,,,,,,,,,,,,,,,,,,,,
b = 200,200,10,57,72.6,4228,7.63,423,507,7072,651,0.757,17.6,,,,,,,,,,,,,,,,,,,,,,,,
b = 200,200,12,66,84.1,4675,7.46,467,573,8230,743,0.738,15.2,,,,,,,,,,,,,,,,,,,,,,,,
b = 200,200,12.5,68.3,87,4797,7.42,480,590,8502,765,0.736,14.6,,,,,,,,,,,,,,,,,,,,,,,,
b = 200,200,16,83.8,107,5496,7.17,550,699,10210,901,0.718,11.9,,,,,,,,,,,,,,,,,,,,,,,,
b = 220,220,5,33.2,42.4,3236,8.74,294,340,5038,442,0.863,30.1,,,,,,,,,,,,,,,,,,,,,,,,
b = 220,220,6,39.6,50.4,3810,8.69,346,402,5976,521,0.859,25.3,,,,,,,,,,,,,,,,,,,,,,,,
b = 220,220,6.3,41.2,52.5,3934,8.66,358,416,6277,543,0.853,24.3,,,,,,,,,,,,,,,,,,,,,,,,
b = 220,220,8,51.5,65.6,4815,8.56,438,515,7815,668,0.846,19.4,,,,,,,,,,,,,,,,,,,,,,,,
b = 220,220,10,63.2,80.6,5757,8.45,523,623,9533,804,0.837,15.8,,,,,,,,,,,,,,,,,,,,,,,,
b = 220,220,12,73.5,93.7,6425,8.28,584,709,11149,922,0.818,13.6,,,,,,,,,,,,,,,,,,,,,,,,
b = 220,220,12.5,76.2,97,6605,8.25,600,732,11530,951,0.816,13.1,,,,,,,,,,,,,,,,,,,,,,,,
b = 220,220,16,93.9,120,7669,8.01,697,874,13971,1129,0.798,10.7,,,,,,,,,,,,,,,,,,,,,,,,
b = 250,250,5,38,48.4,4803,9.97,384,442,7443,577,0.983,26.3,,,,,,,,,,,,,,,,,,,,,,,,
b = 250,250,6,45.2,57.6,5668,9.92,453,524,8843,681,0.979,22.1,,,,,,,,,,,,,,,,,,,,,,,,
b = 250,250,6.3,47.1,60,5865,9.88,469,544,9290,711,0.973,21.2,,,,,,,,,,,,,,,,,,,,,,,,
b = 250,250,8,59.1,75.2,7214,9.79,577,675,11598,878,0.966,16.9,,,,,,,,,,,,,,,,,,,,,,,,
b = 250,250,10,72.7,92.6,8678,9.68,694,821,14197,1062,0.957,13.8,,,,,,,,,,,,,,,,,,,,,,,,
b = 250,250,12,84.8,108,9789,9.52,783,941,16691,1226,0.938,11.8,,,,,,,,,,,,,,,,,,,,,,,,
b = 250,250,12.5,88,112,10082,9.49,807,972,17283,1266,0.936,11.4,,,,,,,,,,,,,,,,,,,,,,,,
b = 250,250,16,109,139,11883,9.25,951,1173,21146,1520,0.918,9.18,,,,,,,,,,,,,,,,,,,,,,,,
b = 260,260,6,47.1,60,6400,10.3,492,569,9970,739,1.02,21.2,,,,,,,,,,,,,,,,,,,,,,,,
b = 260,260,6.3,49.1,62.6,6627,10.3,510,590,10475,772,1.01,20.4,,,,,,,,,,,,,,,,,,,,,,,,
b = 260,260,8,61.6,78.4,8163,10.2,628,733,13087,955,1.01,16.2,,,,,,,,,,,,,,,,,,,,,,,,
b = 260,260,10,75.8,96.6,9835,10.1,757,893,16035,1156,0.997,13.2,,,,,,,,,,,,,,,,,,,,,,,,
b = 260,260,12,88.6,113,11126,9.93,856,1025,18878,1337,0.978,11.3,,,,,,,,,,,,,,,,,,,,,,,,
b = 260,260,12.5,91.9,117,11465,9.9,882,1059,19553,1381,0.976,10.9,,,,,,,,,,,,,,,,,,,,,,,,
b = 260,260,16,114,145,13568,9.67,1044,1282,23986,1663,0.958,8.77,,,,,,,,,,,,,,,,,,,,,,,,
b = 300,300,6,54.7,69.6,9959,12,664,764,15434,997,1.18,18.3,,,,,,,,,,,,,,,,,,,,,,,,
b = 300,300,6.3,57,72.6,10333,11.9,689,795,16218,1042,1.17,17.5,,,,,,,,,,,,,,,,,,,,,,,,
b = 300,300,8,71.6,91.2,12783,11.8,852,990,20312,1293,1.17,14,,,,,,,,,,,,,,,,,,,,,,,,
b = 300,300,10,88.4,113,15484,11.7,1032,1210,24966,1572,1.16,11.3,,,,,,,,,,,,,,,,,,,,,,,,
b = 300,300,12,104,132,17682,11.6,1179,1399,29514,1829,1.14,9.65,,,,,,,,,,,,,,,,,,,,,,,,
b = 300,300,12.5,108,137,18252,11.5,1217,1447,30601,1892,1.14,9.3,,,,,,,,,,,,,,,,,,,,,,,,
b = 300,300,16,134,171,21877,11.3,1458,1767,37837,2299,1.12,7.46,,,,,,,,,,,,,,,,,,,,,,,,
b = 350,350,8,84.2,107,20660,13.9,1181,1365,32557,1787,1.37,11.9,,,,,,,,,,,,,,,,,,,,,,,,
b = 350,350,10,104,133,25148,13.8,1437,1674,40127,2182,1.36,9.61,,,,,,,,,,,,,,,,,,,,,,,,
b = 350,350,12,123,156,28954,13.6,1654,1946,47598,2552,1.34,8.16,,,,,,,,,,,,,,,,,,,,,,,,
b = 350,350,12.5,127,162,29932,13.6,1710,2016,49393,2642,1.34,7.86,,,,,,,,,,,,,,,,,,,,,,,,
b = 350,350,16,159,203,36277,13.4,2073,2481,61481,3238,1.32,6.28,,,,,,,,,,,,,,,,,,,,,,,,
b = 400,400,10,120,153,38169,15.8,1908,2213,60431,2892,1.56,8.35,,,,,,,,,,,,,,,,,,,,,,,,
b = 400,400,12,141,180,44204,15.7,2210,2584,71843,3395,1.54,7.07,,,,,,,,,,,,,,,,,,,,,,,,
b = 400,400,12.5,147,187,45746,15.6,2287,2679,74598,3518,1.54,6.81,,,,,,,,,,,,,,,,,,,,,,,,
b = 400,400,16,184,235,55884,15.4,2794,3315,93279,4336,1.52,5.43,,,,,,,,,,,,,,,,,,,,,,,,
,,,,,,,,,,,,,,,,,,,,,,,,,,,,,,,,,,,,
Rettangolari a caldo,h,b,t ,M ,A ,I y,I z,ix ,iy ,Wel-y,Wel-z,Wpl-y,Wpl-z,It ,Ct ,Sup. est.,L per ton,,,,,,,,,,,,,,,,,,,
,[mm] ,[mm] ,[mm] ,[kg/m] ,[cm2] ,[cm4] ,[cm4] ,[cm] ,[cm] ,[cm3] ,[cm3] ,[cm3] ,[cm3] ,[cm4] ,[cm3] ,[m2/m] ,[m/t] ,,,,,,,,,,,,,,,,,,,
,450,250,16,166,211,55666,22020,16.2,10.2,2474,1762,3069,2028,50545,2947,1.36,6.04,,,,,,,,,,,,,,,,,,,
h = 50,50,25,2.5,2.69,3.43,10.4,3.39,1.74,0.993,4.16,2.71,5.32,3.22,8.42,4.61,0.144,371,,,,,,,,,,,,,,,,,,,
h = 50,50,25,3,3.17,4.04,11.9,3.81,1.71,0.971,4.75,3.05,6.17,3.7,9.64,5.2,0.142,315,,,,,,,,,,,,,,,,,,,
h = 50,50,30,2.5,2.89,3.68,11.8,5.21,1.79,1.19,4.72,3.48,5.92,4.11,11.7,5.73,0.154,346,,,,,,,,,,,,,,,,,,,
h = 50,50,30,3,3.41,4.34,13.5,5.92,1.77,1.17,5.41,3.95,6.88,4.75,13.5,6.51,0.152,293,,,,,,,,,,,,,,,,,,,
h = 50,50,30,4,4.39,5.59,16.4,7.05,1.71,1.12,6.57,4.7,8.58,5.87,16.6,7.77,0.15,228,,,,,,,,,,,,,,,,,,,
h = 50,50,30,5,5.28,6.73,18.6,7.81,1.66,1.08,7.43,5.21,10,6.77,19,8.67,0.147,189,,,,,,,,,,,,,,,,,,,
h = 60,60,40,2.5,3.68,4.68,22.8,12,2.21,1.6,7.61,6.02,9.32,7.01,25.1,9.73,0.194,272,,,,,,,,,,,,,,,,,,,
h = 60,60,40,3,4.35,5.54,26.4,13.9,2.18,1.58,8.81,6.93,10.9,8.18,29.2,11.2,0.192,230,,,,,,,,,,,,,,,,,,,
h = 60,60,40,4,5.64,7.19,32.7,17,2.13,1.54,10.9,8.49,13.8,10.3,36.7,13.7,0.19,177,,,,,,,,,,,,,,,,,,,
h = 60,60,40,5,6.85,8.73,37.9,19.4,2.08,1.49,12.6,9.72,16.4,12.1,43,15.7,0.187,146,,,,,,,,,,,,,,,,,,,
h = 60,60,40,6,7.99,10.2,42.1,21.3,2.03,1.45,14,10.6,18.6,13.7,48.2,17.3,0.185,125,,,,,,,,,,,,,,,,,,,
h = 60,60,40,6.3,8.31,10.6,43.1,21.7,2.02,1.43,14.4,10.9,19.2,14.1,49.5,17.6,0.184,120,,,,,,,,,,,,,,,,,,,
h = 80,80,40,3,5.29,6.74,54.2,18,2.83,1.63,13.5,8.99,17.1,10.4,43.8,15.3,0.232,189,,,,,,,,,,,,,,,,,,,
h = 80,80,40,4,6.9,8.79,68.1,22.2,2.78,1.59,17,11.1,21.8,13.2,55.2,18.9,0.23,145,,,,,,,,,,,,,,,,,,,
h = 80,80,40,5,8.42,10.7,80.1,25.6,2.73,1.54,20,12.8,26.1,15.6,65.1,21.9,0.227,119,,,,,,,,,,,,,,,,,,,
h = 80,80,40,6,9.87,12.6,90.2,28.3,2.68,1.5,22.5,14.1,30,17.8,73.4,24.2,0.225,101,,,,,,,,,,,,,,,,,,,
h = 80,80,40,6.3,10.3,13.1,92.9,29,2.66,1.49,23.2,14.5,31,18.3,75.6,24.8,0.224,97.2,,,,,,,,,,,,,,,,,,,
h = 80,80,40,8,12.5,16,105,31.7,2.57,1.41,26.3,15.9,36.4,21.1,85.8,27.4,0.219,79.9,,,,,,,,,,,,,,,,,,,
h = 90,90,50,3,6.24,7.94,84.3,33.4,3.26,2.05,18.7,13.4,23.2,15.3,76.5,22.4,0.272,160,,,,,,,,,,,,,,,,,,,
h = 90,90,50,4,8.15,10.4,107,41.9,3.21,2.01,23.8,16.8,29.8,19.6,97.5,28,0.27,123,,,,,,,,,,,,,,,,,,,
h = 90,90,50,5,9.99,12.7,127,49.1,3.16,1.96,28.2,19.6,36,23.5,116,32.9,0.267,100,,,,,,,,,,,,,,,,,,,
h = 90,90,50,6,11.8,15,145,55.1,3.11,1.92,32.1,22.1,41.6,27,133,37,0.265,85.1,,,,,,,,,,,,,,,,,,,
h = 90,90,50,6.3,12.3,15.6,149,56.7,3.09,1.91,33.2,22.7,43.2,28,138,38.1,0.264,81.5,,,,,,,,,,,,,,,,,,,
h = 90,90,50,8,15,19.2,173,64.1,3,1.83,38.4,25.6,51.3,32.8,160,43.2,0.259,66.5,,,,,,,,,,,,,,,,,,,
h = 100,100,50,3,6.71,8.54,110,36.8,3.58,2.07,21.9,14.7,27.3,16.7,88.4,25,0.292,149,,,,,,,,,,,,,,,,,,,
h = 100,100,50,4,8.78,11.2,139,46.1,3.53,2.03,27.9,18.4,35.2,21.5,113,31.4,0.29,114,,,,,,,,,,,,,,,,,,,
h = 100,100,50,5,10.8,13.7,166,54.2,3.48,1.99,33.3,21.7,42.6,25.8,135,36.9,0.287,92.8,,,,,,,,,,,,,,,,,,,
h = 100,100,50,6,12.7,16.2,190,61,3.43,1.94,38,24.4,49.4,29.6,154,41.6,0.285,78.8,,,,,,,,,,,,,,,,,,,
h = 100,100,50,6.3,13.3,16.9,197,62.8,3.41,1.93,39.3,25.1,51.3,30.7,160,42.9,0.284,75.4,,,,,,,,,,,,,,,,,,,
h = 100,100,50,8,16.3,20.8,229,71.2,3.32,1.85,45.8,28.5,61.3,36.2,186,48.9,0.279,61.4,,,,,,,,,,,,,,,,,,,
h = 100,100,60,3,7.18,9.14,124,55.7,3.68,2.47,24.7,18.6,30.2,21.2,121,30.7,0.312,139,,,,,,,,,,,,,,,,,,,
h = 100,100,60,4,9.41,12,158,70.4,3.63,2.42,31.6,23.5,39.1,27.3,156,38.7,0.31,106,,,,,,,,,,,,,,,,,,,
h = 100,100,60,5,11.6,14.7,189,83.4,3.58,2.38,37.8,27.8,47.3,32.9,188,45.9,0.307,86.5,,,,,,,,,,,,,,,,,,,
h = 100,100,60,6,13.6,17.4,217,94.8,3.53,2.34,43.3,31.6,55,38,216,52.1,0.305,73.3,,,,,,,,,,,,,,,,,,,
h = 100,100,60,6.3,14.2,18.1,224,97.8,3.52,2.32,44.9,32.6,57.2,39.5,224,53.8,0.304,70.2,,,,,,,,,,,,,,,,,,,
h = 100,100,60,8,17.5,22.4,263,113,3.43,2.25,52.6,37.6,68.6,47,265,62.2,0.299,57,,,,,,,,,,,,,,,,,,,
h = 120,120,60,4,10.7,13.6,249,83,4.28,2.47,41.4,27.7,51.9,31.7,201,47.1,0.35,93.7,,,,,,,,,,,,,,,,,,,
h = 120,120,60,5,13.1,16.7,299,98.6,4.23,2.43,49.8,32.9,63.1,38.4,242,56,0.347,76.1,,,,,,,,,,,,,,,,,,,
h = 120,120,60,6,15.5,19.8,345,112,4.18,2.38,57.5,37.4,73.6,44.5,279,63.8,0.345,64.4,,,,,,,,,,,,,,,,,,,
h = 120,120,60,6.3,16.2,20.7,358,116,4.16,2.37,59.6,38.7,76.6,46.2,290,65.9,0.344,61.6,,,,,,,,,,,,,,,,,,,
h = 120,120,60,8,20.1,25.6,423,135,4.07,2.29,70.6,44.8,92.6,55.3,344,76.6,0.339,49.9,,,,,,,,,,,,,,,,,,,
h = 120,120,60,10,24.3,30.9,486,150,3.96,2.2,80.9,50.1,109,64.2,396,86.1,0.334,41.2,,,,,,,,,,,,,,,,,,,
h = 120,120,80,4,11.9,15.2,302,161,4.46,3.25,50.4,40.1,61.1,46.1,330,65,0.39,83.9,,,,,,,,,,,,,,,,,,,
h = 120,120,80,5,14.7,18.7,365,193,4.41,3.21,60.8,48.2,74.6,56.1,401,77.9,0.387,68,,,,,,,,,,,,,,,,,,,
h = 120,120,80,6,17.4,22.2,423,222,4.37,3.16,70.5,55.5,87.3,65.5,468,89.6,0.385,57.5,,,,,,,,,,,,,,,,,,,
h = 120,120,80,6.3,18.2,23.2,439,230,4.35,3.15,73.2,57.5,90.9,68.2,487,92.9,0.384,54.9,,,,,,,,,,,,,,,,,,,
h = 120,120,80,8,22.6,28.8,524,272,4.27,3.07,87.3,67.9,111,82.4,587,110,0.379,44.3,,,,,,,,,,,,,,,,,,,
h = 120,120,80,10,27.4,34.9,607,311,4.17,2.98,101,77.7,131,97.1,688,126,0.374,36.5,,,,,,,,,,,,,,,,,,,
h = 140,140,80,4,13.2,16.8,440,184,5.12,3.31,62.9,45.9,77.1,52.2,411,76.5,0.43,75.9,,,,,,,,,,,,,,,,,,,
h = 140,140,80,5,16.3,20.7,534,221,5.07,3.26,76.2,55.2,94.3,63.6,499,91.9,0.427,61.4,,,,,,,,,,,,,,,,,,,
h = 140,140,80,6,19.3,24.6,620,255,5.02,3.22,88.6,63.7,111,74.4,583,106,0.425,51.8,,,,,,,,,,,,,,,,,,,
h = 140,140,80,6.3,20.2,25.7,645,264,5.01,3.21,92.2,66.1,115,77.5,607,110,0.424,49.6,,,,,,,,,,,,,,,,,,,
h = 140,140,80,8,25.1,32,775,313,4.92,3.13,111,78.3,141,94,733,130,0.419,39.9,,,,,,,,,,,,,,,,,,,
h = 140,140,80,10,30.6,38.9,905,360,4.82,3.04,129,90.1,168,111,862,150,0.414,32.7,,,,,,,,,,,,,,,,,,,
h = 150,150,100,4,15.1,19.2,607,324,5.62,4.11,80.9,64.8,97.4,73.6,660,105,0.49,66.4,,,,,,,,,,,,,,,,,,,
h = 150,150,100,5,18.6,23.7,738,392,5.58,4.06,98.4,78.4,119,90.1,807,127,0.487,53.7,,,,,,,,,,,,,,,,,,,
h = 150,150,100,6,22.1,28.2,862,455,5.53,4.02,115,91.1,141,106,946,147,0.485,45.2,,,,,,,,,,,,,,,,,,,
h = 150,150,100,6.3,23.1,29.5,897,474,5.52,4.01,120,94.7,147,110,986,153,0.484,43.2,,,,,,,,,,,,,,,,,,,
h = 150,150,100,8,28.9,36.8,1085,568,5.43,3.93,145,114,180,135,1203,183,0.479,34.7,,,,,,,,,,,,,,,,,,,
h = 150,150,100,10,35.3,44.9,1279,663,5.34,3.84,171,133,216,161,1432,214,0.474,28.4,,,,,,,,,,,,,,,,,,,
h = 150,150,100,12,41.4,52.7,1445,742,5.24,3.75,193,148,248,184,1633,240,0.469,24.2,,,,,,,,,,,,,,,,,,,
h = 150,150,100,12.5,42.8,54.6,1482,759,5.21,3.73,198,152,256,190,1679,246,0.468,23.3,,,,,,,,,,,,,,,,,,,
h = 160,160,80,4,14.4,18.4,612,207,5.77,3.35,76.5,51.7,94.7,58.3,493,88.1,0.47,69.3,,,,,,,,,,,,,,,,,,,
h = 160,160,80,5,17.8,22.7,744,249,5.72,3.31,92.9,62.3,116,71.1,600,106,0.467,56,,,,,,,,,,,,,,,,,,,
h = 160,160,80,6,21.2,27,867,288,5.67,3.27,108,71.9,136,83.2,701,122,0.465,47.2,,,,,,,,,,,,,,,,,,,
h = 160,160,80,6.3,22.2,28.2,902,299,5.65,3.25,113,74.7,142,86.7,730,127,0.464,45.1,,,,,,,,,,,,,,,,,,,
h = 160,160,80,8,27.6,35.2,1090,355,5.57,3.18,136,88.8,174,105,883,151,0.459,36.2,,,,,,,,,,,,,,,,,,,
h = 160,160,80,10,33.7,42.9,1281,410,5.46,3.09,160,102,209,125,1041,175,0.454,29.7,,,,,,,,,,,,,,,,,,,
h = 160,160,80,12,39.5,50.3,1443,453,5.36,3,180,113,240,142,1175,194,0.449,25.3,,,,,,,,,,,,,,,,,,,
h = 160,160,80,12.5,40.9,52.1,1479,462,5.33,2.98,185,115,247,146,1204,198,0.448,24.5,,,,,,,,,,,,,,,,,,,
h = 180,180,100,4,16.9,21.6,944,379,6.61,4.19,105,75.8,128,85.1,852,127,0.55,59,,,,,,,,,,,,,,,,,,,
h = 180,180,100,5,21,26.7,1152,460,6.57,4.15,128,92,157,104,1042,154,0.547,47.7,,,,,,,,,,,,,,,,,,,
h = 180,180,100,6,24.9,31.8,1349,535,6.52,4.1,150,107,185,123,1224,179,0.545,40.1,,,,,,,,,,,,,,,,,,,
h = 180,180,100,6.3,26.1,33.3,1406,557,6.5,4.09,156,111,194,128,1277,186,0.544,38.3,,,,,,,,,,,,,,,,,,,
h = 180,180,100,8,32.6,41.6,1711,670,6.42,4.02,190,134,239,157,1560,224,0.539,30.7,,,,,,,,,,,,,,,,,,,
h = 180,180,100,10,40,50.9,2032,785,6.32,3.93,226,157,288,188,1862,263,0.534,25,,,,,,,,,,,,,,,,,,,
h = 180,180,100,12,47,59.9,2313,882,6.21,3.84,257,176,333,216,2130,296,0.529,21.3,,,,,,,,,,,,,,,,,,,
h = 180,180,100,12.5,48.7,62.1,2378,904,6.19,3.82,264,181,343,222,2191,303,0.528,20.5,,,,,,,,,,,,,,,,,,,
h = 200,200,100,4,18.2,23.2,1222,416,7.26,4.24,122,83.2,150,92.8,983,142,0.59,54.9,,,,,,,,,,,,,,,,,,,
h = 200,200,100,5,22.6,28.7,1494,505,7.21,4.19,149,101,185,114,1204,172,0.587,44.3,,,,,,,,,,,,,,,,,,,
h = 200,200,100,6,26.8,34.2,1753,588,7.16,4.15,175,118,218,134,1414,200,0.585,37.3,,,,,,,,,,,,,,,,,,,
h = 200,200,100,6.3,28.1,35.8,1828,612,7.15,4.14,183,122,228,140,1475,208,0.584,35.6,,,,,,,,,,,,,,,,,,,
h = 200,200,100,8,35.1,44.8,2231,738,7.06,4.06,223,148,282,172,1804,251,0.579,28.5,,,,,,,,,,,,,,,,,,,
h = 200,200,100,10,43.1,54.9,2660,867,6.96,3.97,266,173,341,206,2156,295,0.574,23.2,,,,,,,,,,,,,,,,,,,
h = 200,200,100,12,50.8,64.7,3040,976,6.86,3.88,304,195,395,237,2469,333,0.569,19.7,,,,,,,,,,,,,,,,,,,
h = 200,200,100,12.5,52.7,67.1,3128,1000,6.83,3.86,313,200,408,244,2541,341,0.568,19,,,,,,,,,,,,,,,,,,,
h = 200,200,100,16,65.2,83,3661,1139,6.64,3.7,366,228,490,290,2982,391,0.559,15.3,,,,,,,,,,,,,,,,,,,
h = 200,200,120,6,28.7,36.6,1979,891,7.36,4.94,198,149,242,169,1942,245,0.625,34.8,,,,,,,,,,,,,,,,,,,
h = 200,200,120,6.3,30.1,38.3,2064,928,7.34,4.92,206,155,253,177,2028,255,0.624,33.3,,,,,,,,,,,,,,,,,,,
h = 200,200,120,8,37.6,48,2527,1127,7.26,4.85,253,188,313,218,2495,310,0.619,26.6,,,,,,,,,,,,,,,,,,,
h = 200,200,120,10,46.3,58.9,3021,1335,7.16,4.76,302,223,379,263,3001,367,0.614,21.6,,,,,,,,,,,,,,,,,,,
h = 200,200,120,12,54.6,69.5,3465,1516,7.06,4.67,346,253,440,304,3461,417,0.609,18.3,,,,,,,,,,,,,,,,,,,
h = 200,200,120,12.5,56.6,72.1,3568,1557,7.04,4.65,357,260,455,314,3569,428,0.608,17.7,,,,,,,,,,,,,,,,,,,
h = 200,200,120,16,70.2,89.4,4204,1804,6.86,4.49,420,301,549,376,4247,497,0.599,14.2,,,,,,,,,,,,,,,,,,,
h = 250,250,150,6,36.2,46.2,3964,1795,9.27,6.24,317,239,385,270,3877,396,0.785,27.6,,,,,,,,,,,,,,,,,,,
h = 250,250,150,6.3,38,48.4,4141,1873,9.25,6.22,331,250,402,282,4054,413,0.784,26.3,,,,,,,,,,,,,,,,,,,
h = 250,250,150,8,47.7,60.8,5109,2296,9.17,6.15,409,306,501,350,5021,506,0.779,21,,,,,,,,,,,,,,,,,,,
h = 250,250,150,10,58.8,74.9,6168,2752,9.07,6.06,493,367,610,426,6090,605,0.774,17,,,,,,,,,,,,,,,,,,,
h = 250,250,150,12,69.6,88.7,7145,3163,8.98,5.97,572,422,714,497,7088,695,0.769,14.4,,,,,,,,,,,,,,,,,,,
h = 250,250,150,12.5,72.3,92.1,7376,3259,8.95,5.95,590,435,740,514,7326,717,0.768,13.8,,,,,,,,,,,,,,,,,,,
h = 250,250,150,16,90.3,115,8858,3861,8.78,5.79,709,515,905,624,8868,849,0.759,11.1,,,,,,,,,,,,,,,,,,,
h = 260,260,180,6,40,51,4941,2803,9.85,7.42,380,311,454,353,5554,502,0.865,25,,,,,,,,,,,,,,,,,,,
h = 260,260,180,6.3,41.9,53.4,5164,2928,9.83,7.4,397,325,475,369,5810,524,0.864,23.8,,,,,,,,,,,,,,,,,,,
h = 260,260,180,8,52.7,67.2,6387,3606,9.75,7.33,491,401,592,459,7221,644,0.859,19,,,,,,,,,,,,,,,,,,,
h = 260,260,180,10,65.1,82.9,7736,4347,9.66,7.24,595,483,723,560,8798,775,0.854,15.4,,,,,,,,,,,,,,,,,,,
h = 260,260,180,12,77.2,98.3,8990,5028,9.56,7.15,692,559,849,655,10285,895,0.849,13,,,,,,,,,,,,,,,,,,,
h = 260,260,180,12.5,80.1,102,9289,5188,9.54,7.13,715,576,879,678,10643,924,0.848,12.5,,,,,,,,,,,,,,,,,,,
h = 260,260,180,16,100,128,11223,6215,9.37,6.97,863,691,1080,830,12993,1106,0.839,9.97,,,,,,,,,,,,,,,,,,,
h = 300,300,200,6,45.7,58.2,7485,4012,11.3,8.3,499,401,596,451,8100,651,0.985,21.9,,,,,,,,,,,,,,,,,,,
h = 300,300,200,6.3,47.9,61,7827,4192,11.3,8.29,522,419,624,472,8476,681,0.984,20.9,,,,,,,,,,,,,,,,,,,
h = 300,300,200,8,60.3,76.8,9713,5182,11.2,8.22,648,518,779,589,10562,840,0.979,16.6,,,,,,,,,,,,,,,,,,,
h = 300,300,200,10,74.5,94.9,11813,6273,11.2,8.13,788,627,955,721,12908,1015,0.974,13.4,,,,,,,,,,,,,,,,,,,
h = 300,300,200,12,88.5,113,13786,7287,11.1,8.04,919,729,1124,846,15137,1178,0.969,11.3,,,,,,,,,,,,,,,,,,,
h = 300,300,200,12.5,91.9,117,14260,7529,11,8.02,951,753,1165,877,15677,1217,0.968,10.9,,,,,,,,,,,,,,,,,,,
h = 300,300,200,16,115,147,17365,9092,10.9,7.86,1158,909,1440,1079,19252,1468,0.959,8.67,,,,,,,,,,,,,,,,,,,
h = 350,350,250,6,55.1,70.2,12615,7537,13.4,10.4,721,603,852,677,14529,967,1.18,18.2,,,,,,,,,,,,,,,,,,,
h = 350,350,250,6.3,57.8,73.6,13201,7884,13.4,10.4,754,631,892,709,15215,1011,1.18,17.3,,,,,,,,,,,,,,,,,,,
h = 350,350,250,8,72.8,92.8,16446,9796,13.3,10.3,940,784,1118,888,19027,1254,1.18,13.7,,,,,,,,,,,,,,,,,,,
h = 350,350,250,10,90.2,115,20094,11932,13.2,10.2,1148,955,1375,1090,23354,1525,1.17,11.1,,,,,,,,,,,,,,,,,,,
h = 350,350,250,12,107,137,23565,13948,13.1,10.1,1347,1116,1624,1286,27513,1781,1.17,9.32,,,,,,,,,,,,,,,,,,,
h = 350,350,250,12.5,112,142,24405,14434,13.1,10.1,1395,1155,1684,1333,28526,1842,1.17,8.97,,,,,,,,,,,,,,,,,,,
h = 350,350,250,16,141,179,29981,17633,12.9,9.92,1713,1411,2094,1654,35325,2246,1.16,7.12,,,,,,,,,,,,,,,,,,,
h = 400,400,200,8,72.8,92.8,19558,6658,14.5,8.47,978,666,1203,743,15735,1135,1.18,13.7,,,,,,,,,,,,,,,,,,,
h = 400,400,200,10,90.2,115,23906,8080,14.4,8.38,1195,808,1480,911,19259,1376,1.17,11.1,,,,,,,,,,,,,,,,,,,
h = 400,400,200,12,107,137,28044,9411,14.3,8.3,1402,941,1747,1072,22622,1602,1.17,9.32,,,,,,,,,,,,,,,,,,,
h = 400,400,200,12.5,112,142,29046,9729,14.3,8.28,1452,973,1813,1111,23438,1656,1.17,8.97,,,,,,,,,,,,,,,,,,,
h = 400,400,200,16,141,179,35703,11807,14.1,8.12,1785,1181,2255,1373,28871,2010,1.16,7.12,,,,,,,,,,,,,,,,,,,
h = 450,450,250,8,85.4,109,30077,12139,16.6,10.6,1337,971,1622,1081,27083,1629,1.38,11.7,,,,,,,,,,,,,,,,,,,
h = 450,450,250,10,106,135,36885,14813,16.5,10.5,1639,1185,2000,1330,33284,1986,1.37,9.44,,,,,,,,,,,,,,,,,,,
h = 450,450,250,12,126,161,43417,17350,16.4,10.4,1930,1388,2367,1571,39260,2324,1.37,7.93,,,,,,,,,,,,,,,,,,,
h = 450,450,250,12.5,131,167,45008,17962,16.4,10.4,2000,1437,2457,1630,40719,2406,1.37,7.62,,,,,,,,,,,,,,,,,,,
h = 450,450,250,16,166,211,55666,22020,16.2,10.2,2474,1762,3069,2028,50545,2947,1.36,6.04,,,,,,,,,,,,,,,,,,,
h = 500,500,300,10,122,155,53751,24433,18.6,12.6,2150,1629,2595,1825,52450,2696,1.57,8.22,,,,,,,,,,,,,,,,,,,
h = 500,500,300,12,145,185,63428,28725,18.5,12.5,2537,1915,3077,2161,62039,3167,1.57,6.9,,,,,,,,,,,,,,,,,,,
h = 500,500,300,12.5,151,192,65792,29768,18.5,12.4,2632,1985,3195,2243,64389,3281,1.57,6.63,,,,,,,,,,,,,,,,,,,
h = 500,500,300,16,191,243,81740,36742,18.3,12.3,3270,2449,4004,2803,80329,4044,1.56,5.24,,,,,,,,,,,,,,,,,,,
h = 500,500,300,20,235,300,98692,44028,18.1,12.1,3948,2935,4884,3407,97447,4842,1.55,4.25,,,,,,,,,,,,,,,,,,,
,,,,,,,,,,,,,,,,,,,,,,,,,,,,,,,,,,,,
Rettangolari a freddo,h,b,t ,M ,A ,I y,I z,ix ,iy ,Wel-y,Wel-z,Wpl-y,Wpl-z,It ,Ct ,Sup. est.,L per ton,,,,,,,,,,,,,,,,,,,
,[mm] ,[mm] ,[mm] ,[kg/m] ,[cm2],[cm4],[cm4],[cm] ,[cm] ,[cm3],[cm3],[cm3],[cm3],[cm4],[cm3],[m2/m] ,[m/t] ,,,,,,,,,,,,,,,,,,,
,350,250,6.3,57,72.6,12913,7736,13.3,10.3,738,619,876,698,15291,1010,1.17,17.5,,,,,,,,,,,,,,,,,,,
h = 40,40,20,2,1.68,2.14,4.03,1.33,1.37,0.789,2.01,1.33,2.61,1.59,3.45,2.36,0.113,596,,,,,,,,,,,,,,,,,,,
h = 40,40,20,2.5,2.03,2.59,4.65,1.52,1.34,0.76,2.32,1.52,3.08,1.87,4.06,2.72,0.111,492,,,,,,,,,,,,,,,,,,,
h = 40,40,20,3,2.36,3.01,5.13,1.65,1.31,0.74,2.56,1.65,3.48,2.09,4.57,3,0.11,423,,,,,,,,,,,,,,,,,,,
h = 50,50,30,2,2.31,2.94,9.51,4.28,1.8,1.21,3.8,2.85,4.74,3.32,9.77,4.84,0.153,434,,,,,,,,,,,,,,,,,,,
h = 50,50,30,2.5,2.82,3.59,11.2,5.02,1.77,1.18,4.5,3.35,5.69,3.97,11.7,5.72,0.151,355,,,,,,,,,,,,,,,,,,,
h = 50,50,30,3,3.3,4.21,12.7,5.64,1.74,1.16,5.09,3.76,6.55,4.56,13.5,6.49,0.15,303,,,,,,,,,,,,,,,,,,,
h = 50,50,30,4,4.2,5.35,15,6.56,1.68,1.11,6.01,4.37,8,5.53,16.5,7.71,0.146,238,,,,,,,,,,,,,,,,,,,
h = 60,60,40,2,2.93,3.74,18.4,9.81,2.22,1.62,6.13,4.9,7.46,5.65,20.7,8.12,0.193,341,,,,,,,,,,,,,,,,,,,
h = 60,60,40,2.5,3.6,4.59,22,11.7,2.19,1.6,7.33,5.85,9.04,6.83,25.1,9.72,0.191,278,,,,,,,,,,,,,,,,,,,
h = 60,60,40,3,4.25,5.41,25.3,13.4,2.16,1.57,8.42,6.68,10.5,7.92,29.3,11.2,0.19,236,,,,,,,,,,,,,,,,,,,
h = 60,60,40,4,5.45,6.95,30.7,16.1,2.1,1.52,10.2,8.05,13.1,9.85,36.7,13.7,0.186,183,,,,,,,,,,,,,,,,,,,
h = 60,60,40,5,6.56,8.36,34.8,18.1,2.04,1.47,11.6,9.04,15.3,11.4,42.8,15.6,0.183,152,,,,,,,,,,,,,,,,,,,
h = 70,70,50,2,3.56,4.54,31.4,18.7,2.63,2.03,8.98,7.49,10.8,8.58,37.5,12.2,0.233,281,,,,,,,,,,,,,,,,,,,
h = 70,70,50,2.5,4.39,5.59,37.9,22.5,2.61,2.01,10.8,9.01,13.2,10.4,45.8,14.7,0.231,228,,,,,,,,,,,,,,,,,,,
h = 70,70,50,3,5.19,6.61,43.9,26,2.58,1.98,12.5,10.4,15.4,12.2,53.6,17.1,0.23,193,,,,,,,,,,,,,,,,,,,
h = 70,70,50,4,6.71,8.55,54.3,32,2.52,1.93,15.5,12.8,19.4,15.4,68.1,21.2,0.226,149,,,,,,,,,,,,,,,,,,,
h = 70,70,50,5,8.13,10.4,62.8,36.8,2.46,1.88,17.9,14.7,23,18.1,80.8,24.6,0.223,123,,,,,,,,,,,,,,,,,,,
h = 80,80,40,2,3.56,4.54,37.3,12.7,2.87,1.67,9.33,6.35,11.6,7.17,30.9,11,0.233,281,,,,,,,,,,,,,,,,,,,
h = 80,80,40,2.5,4.39,5.59,45,15.2,2.84,1.65,11.3,7.61,14.1,8.7,37.6,13.2,0.231,228,,,,,,,,,,,,,,,,,,,
h = 80,80,40,3,5.19,6.61,52.1,17.5,2.81,1.63,13,8.74,16.5,10.1,43.9,15.3,0.23,193,,,,,,,,,,,,,,,,,,,
h = 80,80,40,4,6.71,8.55,64.4,21.3,2.75,1.58,16.1,10.7,20.9,12.7,55.2,18.8,0.226,149,,,,,,,,,,,,,,,,,,,
h = 80,80,40,5,8.13,10.4,74.4,24.2,2.68,1.53,18.6,12.1,24.6,14.9,65,21.7,0.223,123,,,,,,,,,,,,,,,,,,,
h = 80,80,60,2,4.19,5.34,49.5,31.8,3.04,2.44,12.4,10.6,14.7,12.1,61.2,17.1,0.273,239,,,,,,,,,,,,,,,,,,,
h = 80,80,60,2.5,5.17,6.59,60,38.5,3.02,2.42,15,12.8,18,14.8,75.1,20.7,0.271,193,,,,,,,,,,,,,,,,,,,
h = 80,80,60,3,6.13,7.81,69.9,44.8,2.99,2.39,17.5,14.9,21.1,17.4,88.3,24.1,0.27,163,,,,,,,,,,,,,,,,,,,
h = 80,80,60,4,7.97,10.1,87.5,55.8,2.94,2.35,21.9,18.6,26.9,22.1,113,30.3,0.266,126,,,,,,,,,,,,,,,,,,,
h = 80,80,60,5,9.7,12.4,103,65.1,2.88,2.3,25.6,21.7,32.1,26.3,136,35.7,0.263,103,,,,,,,,,,,,,,,,,,,
h = 90,90,50,2,4.19,5.34,57.8,23.3,3.29,2.09,12.8,9.34,15.7,10.5,53.4,15.9,0.273,239,,,,,,,,,,,,,,,,,,,
h = 90,90,50,2.5,5.17,6.59,70.2,28.2,3.26,2.07,15.6,11.3,19.2,12.8,65.3,19.2,0.271,193,,,,,,,,,,,,,,,,,,,
h = 90,90,50,3,6.13,7.81,81.7,32.6,3.23,2.04,18.1,13.1,22.6,15,76.7,22.4,0.27,163,,,,,,,,,,,,,,,,,,,
h = 90,90,50,4,7.97,10.1,102,40.5,3.17,2,22.7,16.2,28.8,19,97.7,28,0.266,126,,,,,,,,,,,,,,,,,,,
h = 90,90,50,5,9.7,12.4,120,46.9,3.11,1.95,26.6,18.8,34.3,22.6,116,32.7,0.263,103,,,,,,,,,,,,,,,,,,,
h = 100,100,40,2.5,5.17,6.59,79.2,18.7,3.47,1.69,15.8,9.37,20.2,10.6,50.5,16.8,0.271,193,,,,,,,,,,,,,,,,,,,
h = 100,100,40,3,6.13,7.81,92.1,21.6,3.44,1.66,18.4,10.8,23.7,12.4,59,19.4,0.27,163,,,,,,,,,,,,,,,,,,,
h = 100,100,40,4,7.97,10.1,115,26.5,3.37,1.62,23,13.3,30.2,15.6,74.5,24,0.266,126,,,,,,,,,,,,,,,,,,,
h = 100,100,40,5,9.7,12.4,135,30.4,3.3,1.57,26.9,15.2,36,18.4,87.9,27.9,0.263,103,,,,,,,,,,,,,,,,,,,
h = 100,100,50,2.5,5.56,7.09,91.1,31,3.58,2.09,18.2,12.4,22.7,14,75.4,21.5,0.291,180,,,,,,,,,,,,,,,,,,,
h = 100,100,50,3,6.6,8.41,106,36,3.55,2.07,21.3,14.4,26.6,16.4,88.6,25,0.29,152,,,,,,,,,,,,,,,,,,,
h = 100,100,50,4,8.59,10.9,134,44.7,3.49,2.02,26.7,17.9,34,20.9,113,31.3,0.286,116,,,,,,,,,,,,,,,,,,,
h = 100,100,50,5,10.5,13.4,157,52,3.43,1.97,31.5,20.8,40.7,24.9,135,36.8,0.283,95.4,,,,,,,,,,,,,,,,,,,
h = 100,100,50,6,12.3,15.6,177,57.9,3.37,1.92,35.4,23.2,46.7,28.4,154,41.4,0.279,81.5,,,,,,,,,,,,,,,,,,,
h = 100,100,50,6.3,12.5,15.9,173,56.9,3.29,1.89,34.6,22.7,46.6,28.3,158,42.1,0.273,79.9,,,,,,,,,,,,,,,,,,,
h = 100,100,60,2.5,5.96,7.59,103,46.8,3.68,2.48,20.6,15.6,25.1,17.7,103,26.2,0.311,168,,,,,,,,,,,,,,,,,,,
h = 100,100,60,3,7.07,9.01,120,54.5,3.66,2.46,24.1,18.2,29.5,20.8,122,30.6,0.31,141,,,,,,,,,,,,,,,,,,,
h = 100,100,60,4,9.22,11.7,152,68.4,3.6,2.41,30.4,22.8,37.9,26.6,156,38.7,0.306,108,,,,,,,,,,,,,,,,,,,
h = 100,100,60,5,11.3,14.4,180,80.3,3.54,2.36,36,26.8,45.5,31.8,188,45.8,0.303,88.7,,,,,,,,,,,,,,,,,,,
h = 100,100,60,6,13.2,16.8,204,90.3,3.48,2.32,40.7,30.1,52.4,36.5,216,51.9,0.299,75.7,,,,,,,,,,,,,,,,,,,
h = 100,100,60,6.3,13.5,17.2,201,89.3,3.41,2.28,40.1,29.8,52.5,36.6,223,53,0.293,74,,,,,,,,,,,,,,,,,,,
h = 100,100,80,2.5,6.74,8.59,127,90.1,3.84,3.24,25.3,22.5,30,25.8,166,35.7,0.351,148,,,,,,,,,,,,,,,,,,,
h = 100,100,80,3,8.01,10.2,149,105,3.82,3.21,29.7,26.4,35.4,30.4,196,41.9,0.35,125,,,,,,,,,,,,,,,,,,,
h = 100,100,80,4,10.5,13.3,189,134,3.76,3.17,37.8,33.4,45.6,39.1,254,53.4,0.346,95.4,,,,,,,,,,,,,,,,,,,
h = 100,100,80,5,12.8,16.4,225,159,3.71,3.12,45,39.7,55,47.1,308,63.7,0.343,77.9,,,,,,,,,,,,,,,,,,,
h = 100,100,80,6,15.1,19.2,257,181,3.65,3.07,51.4,45.2,63.7,54.5,357,73,0.339,66.2,,,,,,,,,,,,,,,,,,,
h = 100,100,80,6.3,15.5,19.7,256,181,3.6,3.03,51.2,45.1,64.3,55.1,371,75,0.333,64.6,,,,,,,,,,,,,,,,,,,
h = 120,120,60,2.5,6.74,8.59,161,55.1,4.33,2.53,26.8,18.4,33.2,20.5,133,31.7,0.351,148,,,,,,,,,,,,,,,,,,,
h = 120,120,60,3,8.01,10.2,189,64.3,4.3,2.51,31.5,21.4,39.2,24.2,156,37.1,0.35,125,,,,,,,,,,,,,,,,,,,
h = 120,120,60,4,10.5,13.3,240,81,4.24,2.46,40,27,50.4,31,201,47,0.346,95.4,,,,,,,,,,,,,,,,,,,
h = 120,120,60,5,12.8,16.4,286,95.5,4.18,2.42,47.6,31.8,60.9,37.3,242,55.8,0.343,77.9,,,,,,,,,,,,,,,,,,,
h = 120,120,60,6,15.1,19.2,326,108,4.12,2.37,54.3,35.9,70.4,42.9,280,63.6,0.339,66.2,,,,,,,,,,,,,,,,,,,
h = 120,120,60,6.3,15.5,19.7,324,108,4.05,2.33,53.9,35.8,70.9,43.4,289,65.1,0.333,64.6,,,,,,,,,,,,,,,,,,,
h = 120,120,60,8,18.9,24,368,121,3.91,2.24,61.4,40.2,83.4,50.7,340,75,0.326,53,,,,,,,,,,,,,,,,,,,
h = 120,120,80,3,8.96,11.4,230,123,4.49,3.29,38.3,30.8,46.2,35,255,50.8,0.39,112,,,,,,,,,,,,,,,,,,,
h = 120,120,80,4,11.7,14.9,294,157,4.43,3.24,49,39.2,59.7,45.2,331,64.9,0.386,85.2,,,,,,,,,,,,,,,,,,,
h = 120,120,80,5,14.4,18.4,352,187,4.38,3.19,58.7,46.8,72.4,54.6,402,77.8,0.383,69.4,,,,,,,,,,,,,,,,,,,
h = 120,120,80,6,17,21.6,404,214,4.32,3.14,67.4,53.4,84.1,63.4,469,89.4,0.379,58.9,,,,,,,,,,,,,,,,,,,
h = 120,120,80,6.3,17.5,22.2,405,215,4.27,3.11,67.5,53.7,85.3,64.4,488,92.1,0.373,57.3,,,,,,,,,,,,,,,,,,,
h = 120,120,80,8,21.4,27.2,469,247,4.15,3.01,78.2,61.8,101,76.3,584,108,0.366,46.8,,,,,,,,,,,,,,,,,,,
h = 140,140,80,4,13,16.5,429,180,5.09,3.3,61.3,45,75.5,51.3,412,76.5,0.426,77,,,,,,,,,,,,,,,,,,,
h = 140,140,80,5,16,20.4,516,215,5.03,3.25,73.7,53.8,91.7,62.1,501,91.8,0.423,62.6,,,,,,,,,,,,,,,,,,,
h = 140,140,80,6,18.9,24,595,247,4.97,3.2,85,61.7,107,72.3,584,106,0.419,53,,,,,,,,,,,,,,,,,,,
h = 140,140,80,6.3,19.4,24.8,599,249,4.92,3.17,85.5,62.3,109,73.7,609,109,0.413,51.4,,,,,,,,,,,,,,,,,,,
h = 140,140,80,8,23.9,30.4,700,289,4.79,3.08,100,72.2,130,87.8,731,129,0.406,41.8,,,,,,,,,,,,,,,,,,,
h = 150,150,100,4,14.9,18.9,594,318,5.6,4.1,79.2,63.6,95.6,72.4,662,105,0.486,67.2,,,,,,,,,,,,,,,,,,,
h = 150,150,100,5,18.3,23.4,718,383,5.54,4.05,95.7,76.6,117,88.2,809,127,0.483,54.5,,,,,,,,,,,,,,,,,,,
h = 150,150,100,6,21.7,27.6,832,443,5.49,4,111,88.5,137,103,948,147,0.479,46.1,,,,,,,,,,,,,,,,,,,
h = 150,150,100,6.3,22.4,28.5,844,450,5.44,3.97,113,90,140,106,992,152,0.473,44.6,,,,,,,,,,,,,,,,,,,
h = 150,150,100,8,27.7,35.2,999,530,5.33,3.88,133,106,169,127,1206,182,0.466,36.1,,,,,,,,,,,,,,,,,,,
h = 150,150,100,10,33.4,42.6,1145,603,5.19,3.77,153,121,198,149,1426,211,0.457,29.9,,,,,,,,,,,,,,,,,,,
h = 150,150,100,12,37.7,48.1,1166,616,4.93,3.58,156,123,212,160,1573,229,0.438,26.5,,,,,,,,,,,,,,,,,,,
h = 150,150,100,12.5,38.9,49.5,1179,622,4.88,3.54,157,124,216,163,1606,233,0.436,25.7,,,,,,,,,,,,,,,,,,,
h = 160,160,80,4,14.2,18.1,597,203,5.74,3.35,74.6,50.8,92.8,57.3,494,88,0.466,70.2,,,,,,,,,,,,,,,,,,,
h = 160,160,80,5,17.5,22.4,720,243,5.68,3.3,90,60.8,113,69.6,601,106,0.463,57,,,,,,,,,,,,,,,,,,,
h = 160,160,80,6,20.7,26.4,833,280,5.62,3.25,104,69.9,132,81.1,702,122,0.459,48.2,,,,,,,,,,,,,,,,,,,
h = 160,160,80,6.3,21.4,27.3,842,283,5.55,3.22,105,70.9,135,83,732,126,0.453,46.7,,,,,,,,,,,,,,,,,,,
h = 160,160,80,8,26.4,33.6,992,330,5.43,3.13,124,82.6,162,99.4,882,150,0.446,37.9,,,,,,,,,,,,,,,,,,,
h = 160,160,80,10,31.8,40.6,1128,371,5.27,3.03,141,92.8,190,115,1031,172,0.437,31.4,,,,,,,,,,,,,,,,,,,
h = 160,160,80,12,35.8,45.7,1127,371,4.97,2.85,141,92.9,201,122,1111,183,0.418,27.9,,,,,,,,,,,,,,,,,,,
h = 160,160,80,12.5,36.9,47,1135,373,4.91,2.82,142,93.4,205,124,1129,185,0.416,27.1,,,,,,,,,,,,,,,,,,,
h = 180,180,100,4,16.8,21.3,925,373,6.58,4.18,103,74.7,126,84,854,127,0.546,59.7,,,,,,,,,,,,,,,,,,,
h = 180,180,100,5,20.7,26.4,1123,451,6.53,4.14,125,90.2,154,102,1045,154,0.543,48.3,,,,,,,,,,,,,,,,,,,
h = 180,180,100,6,24.5,31.2,1307,522,6.47,4.09,145,104,181,120,1227,179,0.539,40.8,,,,,,,,,,,,,,,,,,,
h = 180,180,100,6.3,25.4,32.3,1330,533,6.41,4.06,148,107,185,123,1283,185,0.533,39.4,,,,,,,,,,,,,,,,,,,
h = 180,180,100,8,31.4,40,1588,632,6.3,3.97,176,126,225,149,1565,222,0.526,31.8,,,,,,,,,,,,,,,,,,,
h = 180,180,100,10,38.1,48.6,1839,725,6.15,3.87,204,145,266,176,1859,260,0.517,26.2,,,,,,,,,,,,,,,,,,,
h = 180,180,100,12,43.4,55.3,1915,756,5.89,3.7,213,151,289,191,2073,285,0.498,23.1,,,,,,,,,,,,,,,,,,,
h = 180,180,100,12.5,44.8,57,1945,767,5.84,3.67,216,153,296,196,2122,290,0.496,22.3,,,,,,,,,,,,,,,,,,,
h = 200,200,100,4,18,22.9,1199,410,7.23,4.23,120,82.1,148,91.6,985,142,0.586,55.5,,,,,,,,,,,,,,,,,,,
h = 200,200,100,5,22.3,28.4,1457,496,7.17,4.18,146,99.2,181,112,1206,172,0.583,44.9,,,,,,,,,,,,,,,,,,,
h = 200,200,100,6,26.4,33.6,1700,575,7.11,4.14,170,115,213,131,1417,200,0.579,37.9,,,,,,,,,,,,,,,,,,,
h = 200,200,100,6.3,27.4,34.8,1733,588,7.05,4.11,173,118,219,135,1483,208,0.573,36.6,,,,,,,,,,,,,,,,,,,
h = 200,200,100,8,33.9,43.2,2079,700,6.93,4.02,208,140,267,164,1811,250,0.566,29.5,,,,,,,,,,,,,,,,,,,
h = 200,200,100,10,41.3,52.6,2421,807,6.79,3.92,242,161,317,194,2154,292,0.557,24.2,,,,,,,,,,,,,,,,,,,
h = 200,200,100,12.5,48.7,62,2596,863,6.47,3.73,260,173,356,217,2474,329,0.536,20.5,,,,,,,,,,,,,,,,,,,
h = 200,200,120,4,19.3,24.5,1352,617,7.42,5.01,135,103,164,115,1345,172,0.626,51.9,,,,,,,,,,,,,,,,,,,
h = 200,200,120,5,23.8,30.4,1648,749,7.37,4.97,165,125,201,141,1652,210,0.623,42,,,,,,,,,,,,,,,,,,,
h = 200,200,120,6,28.3,36,1926,872,7.31,4.92,193,145,236,166,1947,245,0.619,35.4,,,,,,,,,,,,,,,,,,,
h = 200,200,120,6.3,29.3,37.4,1970,894,7.26,4.89,197,149,243,171,2040,255,0.613,34.1,,,,,,,,,,,,,,,,,,,
h = 200,200,120,8,36.5,46.4,2374,1072,7.15,4.8,237,179,297,209,2507,308,0.606,27.4,,,,,,,,,,,,,,,,,,,
h = 200,200,120,10,44.4,56.6,2783,1249,7.01,4.7,278,208,355,249,3007,364,0.597,22.5,,,,,,,,,,,,,,,,,,,
h = 200,200,120,12,50.9,64.9,2976,1336,6.77,4.54,298,223,392,275,3419,406,0.578,19.6,,,,,,,,,,,,,,,,,,,
h = 200,200,120,12.5,52.6,67,3036,1362,6.73,4.51,304,227,403,282,3514,416,0.576,19,,,,,,,,,,,,,,,,,,,
h = 250,250,150,5,30.1,38.4,3302,1507,9.28,6.27,264,201,320,225,3285,337,0.783,33.2,,,,,,,,,,,,,,,,,,,
h = 250,250,150,6,35.8,45.6,3881,1766,9.22,6.22,311,235,378,266,3886,396,0.779,27.9,,,,,,,,,,,,,,,,,,,
h = 250,250,150,6.3,37.2,47.4,3994,1820,9.17,6.19,320,243,391,275,4078,412,0.773,26.8,,,,,,,,,,,,,,,,,,,
h = 250,250,150,8,46.5,59.2,4871,2210,9.07,6.11,390,295,482,339,5050,504,0.766,21.5,,,,,,,,,,,,,,,,,,,
h = 250,250,150,10,57,72.6,5796,2617,8.94,6.01,464,349,581,408,6121,602,0.757,17.6,,,,,,,,,,,,,,,,,,,
h = 250,250,150,12,66,84.1,6387,2885,8.72,5.86,511,385,655,460,7088,684,0.738,15.2,,,,,,,,,,,,,,,,,,,
h = 250,250,150,12.5,68.3,87,6553,2956,8.68,5.83,524,394,675,474,7315,704,0.736,14.6,,,,,,,,,,,,,,,,,,,
h = 250,250,150,16,83.8,107,7496,3359,8.38,5.61,600,448,798,559,8713,823,0.718,11.9,,,,,,,,,,,,,,,,,,,
h = 260,260,180,5,33.2,42.4,4119,2348,9.86,7.45,317,261,377,294,4695,426,0.863,30.1,,,,,,,,,,,,,,,,,,,
h = 260,260,180,6,39.6,50.4,4852,2761,9.81,7.4,373,307,447,348,5566,501,0.859,25.3,,,,,,,,,,,,,,,,,,,
h = 260,260,180,6.3,41.2,52.5,5005,2851,9.76,7.37,385,317,463,360,5844,523,0.853,24.3,,,,,,,,,,,,,,,,,,,
h = 260,260,180,8,51.5,65.6,6130,3483,9.66,7.28,472,387,572,445,7267,642,0.846,19.4,,,,,,,,,,,,,,,,,,,
h = 260,260,180,10,63.2,80.6,7333,4154,9.54,7.18,564,462,693,538,8850,772,0.837,15.8,,,,,,,,,,,,,,,,,,,
h = 260,260,180,12,73.5,93.7,8171,4630,9.34,7.03,629,514,787,612,10328,884,0.818,13.6,,,,,,,,,,,,,,,,,,,
h = 260,260,180,12.5,76.2,97,8400,4756,9.3,7,646,528,812,631,10676,911,0.816,13.1,,,,,,,,,,,,,,,,,,,
h = 260,260,180,16,93.9,120,9752,5499,9.03,6.78,750,611,970,752,12890,1079,0.798,10.7,,,,,,,,,,,,,,,,,,,
h = 300,300,100,6,35.8,45.6,4772,841,10.2,4.29,318,168,411,188,2403,306,0.779,27.9,,,,,,,,,,,,,,,,,,,
h = 300,300,100,6.3,37.2,47.4,4898,865,10.2,4.27,327,173,425,194,2515,318,0.773,26.8,,,,,,,,,,,,,,,,,,,
h = 300,300,100,8,46.5,59.2,5960,1039,10,4.19,397,208,523,238,3080,385,0.766,21.5,,,,,,,,,,,,,,,,,,,
h = 300,300,100,10,57,72.6,7071,1213,9.87,4.09,471,243,630,284,3681,455,0.757,17.6,,,,,,,,,,,,,,,,,,,
h = 300,300,100,12,66,84.1,7723,1317,9.59,3.96,515,263,707,318,4177,508,0.738,15.2,,,,,,,,,,,,,,,,,,,
h = 300,300,100,12.5,68.3,87,7913,1345,9.53,3.93,528,269,728,327,4292,521,0.736,14.6,,,,,,,,,,,,,,,,,,,
h = 300,300,100,16,83.8,107,8958,1485,9.16,3.73,597,297,858,379,4939,592,0.718,11.9,,,,,,,,,,,,,,,,,,,
h = 300,300,150,6,40.5,51.6,6069,2077,10.8,6.34,405,277,499,309,4988,479,0.879,24.7,,,,,,,,,,,,,,,,,,,
h = 300,300,150,6.3,42.2,53.7,6257,2146,10.8,6.32,417,286,517,321,5234,499,0.873,23.7,,,,,,,,,,,,,,,,,,,
h = 300,300,150,8,52.8,67.2,7666,2614,10.7,6.24,511,349,640,396,6491,612,0.866,18.9,,,,,,,,,,,,,,,,,,,
h = 300,300,150,10,64.8,82.6,9174,3108,10.5,6.14,612,414,775,478,7879,733,0.857,15.4,,,,,,,,,,,,,,,,,,,
h = 300,300,150,12,75.4,96.1,10213,3457,10.3,6,681,461,880,543,9153,837,0.838,13.3,,,,,,,,,,,,,,,,,,,
h = 300,300,150,12.5,78.1,99.5,10498,3549,10.3,5.97,700,473,908,560,9452,862,0.836,12.8,,,,,,,,,,,,,,,,,,,
h = 300,300,150,16,96.4,123,12188,4081,9.96,5.77,813,544,1085,666,11328,1015,0.818,10.4,,,,,,,,,,,,,,,,,,,
h = 300,300,200,6,45.2,57.6,7365,3959,11.3,8.29,491,396,588,446,8115,651,0.979,22.1,,,,,,,,,,,,,,,,,,,
h = 300,300,200,6.3,47.1,60,7616,4098,11.3,8.26,508,410,610,463,8524,680,0.973,21.2,,,,,,,,,,,,,,,,,,,
h = 300,300,200,8,59.1,75.2,9371,5030,11.2,8.18,625,503,756,574,10627,838,0.966,16.9,,,,,,,,,,,,,,,,,,,
h = 300,300,200,10,72.7,92.6,11278,6035,11,8.07,752,603,920,697,12987,1012,0.957,13.8,,,,,,,,,,,,,,,,,,,
h = 300,300,200,12,84.8,108,12702,6798,10.8,7.93,847,680,1053,798,15236,1167,0.938,11.8,,,,,,,,,,,,,,,,,,,
h = 300,300,200,12.5,88,112,13082,6997,10.8,7.9,872,700,1088,825,15768,1204,0.936,11.4,,,,,,,,,,,,,,,,,,,
h = 300,300,200,16,109,139,15417,8212,10.5,7.69,1028,821,1312,993,19223,1442,0.918,9.18,,,,,,,,,,,,,,,,,,,
h = 350,350,250,6,54.7,69.6,12452,7454,13.4,10.3,712,596,842,671,14554,967,1.18,18.3,,,,,,,,,,,,,,,,,,,
h = 350,350,250,6.3,57,72.6,12913,7736,13.3,10.3,738,619,876,698,15291,1010,1.17,17.5,,,,,,,,,,,,,,,,,,,
h = 350,350,250,8,71.6,91.2,15980,9558,13.2,10.2,913,765,1091,869,19136,1253,1.17,14,,,,,,,,,,,,,,,,,,,
h = 350,350,250,10,88.4,113,19367,11559,13.1,10.1,1107,925,1334,1061,23500,1522,1.16,11.3,,,,,,,,,,,,,,,,,,,
h = 350,350,250,12,104,132,22096,13190,12.9,9.99,1263,1055,1541,1226,27749,1770,1.14,9.65,,,,,,,,,,,,,,,,,,,
h = 350,350,250,12.5,108,137,22809,13610,12.9,9.97,1303,1089,1595,1269,28764,1830,1.14,9.3,,,,,,,,,,,,,,,,,,,
h = 350,350,250,16,134,171,27345,16270,12.7,9.76,1563,1302,1946,1547,35497,2220,1.12,7.46,,,,,,,,,,,,,,,,,,,
h = 400,400,200,8,71.6,91.2,18950,6505,14.4,8.44,948,651,1173,727,15820,1133,1.17,14,,,,,,,,,,,,,,,,,,,
h = 400,400,200,10,88.4,113,22956,7841,14.3,8.35,1148,784,1433,887,19368,1373,1.16,11.3,,,,,,,,,,,,,,,,,,,
h = 400,400,200,12,104,132,26133,8922,14.1,8.22,1307,892,1653,1024,22782,1591,1.14,9.65,,,,,,,,,,,,,,,,,,,
h = 400,400,200,12.5,108,137,26970,9198,14,8.19,1349,920,1711,1059,23594,1644,1.14,9.3,,,,,,,,,,,,,,,,,,,
h = 400,400,200,16,134,171,32277,10927,13.7,8,1614,1093,2086,1287,28928,1984,1.12,7.46,,,,,,,,,,,,,,,,,,,
h = 400,400,300,8,84.2,107,25098,16194,15.3,12.3,1255,1080,1486,1224,31179,1747,1.37,11.9,,,,,,,,,,,,,,,,,,,
h = 400,400,300,10,104,133,30562,19691,15.2,12.2,1528,1313,1823,1500,38407,2132,1.36,9.61,,,,,,,,,,,,,,,,,,,
h = 400,400,300,12,123,156,35169,22661,15,12.1,1758,1511,2119,1744,45527,2492,1.34,8.16,,,,,,,,,,,,,,,,,,,
h = 400,400,300,12.5,127,162,36358,23421,15,12,1818,1561,2195,1807,47237,2580,1.34,7.86,,,,,,,,,,,,,,,,,,,
h = 400,400,300,16,159,203,44080,28336,14.7,11.8,2204,1889,2701,2221,58730,3159,1.32,6.28,,,,,,,,,,,,,,,,,,,
